ch0,ch1,ch2,ch3,ch4,ch5,ch6,ch7,ch8,ch9
29.9311,23.7247,-11.1954,12.6885,-0.805683,0.615962,0.39639,12.4539,9.21592,-2.28855
12.0966,-25.7624,-2.64283,1.18604,18.4113,-5.62269,4.07448,18.488,18.3083,12.6213
17.7425,-14.5118,6.1882,9.69161,18.9729,0.656396,6.63796,27.447,-1.75162,-11.9676
16.9788,12.5888,11.7417,17.9897,-1.57932,-5.71377,4.28858,18.669,-25.0259,3.30065
20.313,20.8357,-8.82054,12.2769,-4.98732,2.69519,4.4417,14.4691,-22.7351,-4.82587
-4.24765,20.0635,17.3115,17.1595,3.71752,0.382902,8.54861,-3.11914,-24.6758,-4.15093
-9.0432,-2.39347,30.3475,-3.5352,8.51191,5.51544,7.98681,-15.6078,-6.56312,-4.19826
-2.88311,-13.814,4.262,27.8167,-2.86088,11.2033,-1.14719,-13.1302,4.50827,0.702854
-3.27896,-4.93863,-16.3148,1.02925,23.219,-10.5916,5.96925,-7.96706,0.507312,5.45261
-1.59655,4.11575,-12.9588,-14.6997,-6.81052,18.3116,2.54027,-5.90843,3.63523,8.79608
3.21488,4.94851,-9.47283,11.366,-7.98347,8.05817,12.6718,-6.74361,5.0037,14.1449
2.04662,0.400028,-2.98514,13.8803,14.7678,7.30326,5.4166,-7.04828,2.90085,20.2322
5.15679,-3.01204,-0.149873,13.5647,18.0738,-6.3652,8.3982,-3.04422,-2.73288,21.0132
-0.705027,-6.48934,-3.10468,13.097,13.913,-1.94633,18.1999,5.52387,0.624815,21.2745
-4.02539,6.83529,0.241157,9.6596,23.856,12.6023,12.5445,5.16603,5.86191,19.0949
-0.688573,11.153,18.9655,22.3981,12.9066,-11.4498,3.58119,7.67012,14.8314,14.1168
0.351509,10.4995,24.3267,-19.6773,7.5842,-6.64649,-6.26124,5.65374,22.3715,-4.37992
5.61334,17.2661,4.71591,-4.8909,26.2964,5.73343,-12.6273,-3.73406,22.8891,4.98582
15.6813,2.24683,-5.37604,-3.61334,27.5257,-3.14006,4.48663,-13.6463,-4.51073,22.723
18.7576,-2.06823,13.0646,14.1211,23.4871,-5.14767,-10.3638,-2.7755,-13.9342,-6.49605
-10.0097,13.5603,23.4723,-9.91511,-7.39807,-12.8328,-4.68564,0.566434,-9.01285,-11.076
-11.0412,-14.82,12.5703,19.7996,7.36044,-9.338,5.25268,3.25286,-5.5341,2.63899
-9.542,3.49163,-12.181,20.5588,5.68297,-6.2996,4.20943,7.99422,-0.190491,10.534
-0.584909,12.723,14.6926,15.2228,-9.25631,-6.56522,-0.324995,14.4923,9.28922,5.80069
2.67483,16.4537,6.55448,-18.9863,0.0548348,-2.10265,-1.87776,13.8105,12.9581,-7.14508
-6.24702,18.9787,-12.4906,-0.327754,-2.91111,2.07501,2.62618,15.0073,-0.0969726,-12.5486
-9.07984,11.9533,17.5522,0.0427527,0.770798,5.15551,10.0148,9.30311,-9.55486,9.79805
18.9203,11.846,4.89897,-8.96417,5.72202,14.8071,8.43994,-5.90568,-5.4239,10.6582
25.435,-2.88342,-2.43482,-4.3497,-4.35344,18.1772,-1.91154,-5.32874,-3.94398,-1.21261
25.1086,6.19668,-4.203,-0.181995,-5.2989,17.5867,4.95361,-3.8419,1.15785,-2.50048
21.7075,-11.4323,0.862473,4.41193,5.00896,18.1659,-1.29109,-5.74995,3.94055,10.9953
-2.85531,-14.5208,-0.0615609,20.2655,12.3356,-0.232765,-10.256,2.74819,6.65565,15.8078
-13.5906,11.9273,-0.849424,12.5819,7.83931,-17.2373,6.92516,3.98212,9.85966,7.10171
-7.26685,-0.0333048,20.0253,-1.46603,-7.94622,-10.3202,-9.02268,10.4573,8.80465,-9.79756
7.84715,6.10996,20.7115,-1.85862,1.22672,-3.94266,-9.43453,-4.24028,10.8016,-6.63731
13.7435,15.4088,-0.543481,-7.3071,11.2391,0.76321,-3.0512,-7.49286,6.76754,12.2082
9.82571,-15.1199,3.56249,-6.67633,7.46276,6.93234,-5.2105,-2.61149,-1.5091,18.6624
-13.3986,-6.92866,1.35819,11.5342,9.28186,1.44427,-5.66685,3.75623,4.709,18.3888
-15.5097,5.96277,15.7188,12.0488,-0.0811879,-6.74932,-0.757604,3.19515,12.286,2.49785
1.45216,-10.3325,11.7115,8.17457,-12.6638,4.32277,1.66919,5.1161,11.8209,-10.8356
12.3313,11.8013,9.8999,-2.62583,-10.6442,2.47868,15.6234,8.44347,2.08303,-5.3969
7.87993,16.6966,-9.14008,3.018,-4.67444,-7.51963,10.8273,9.88569,-10.6362,-0.970254
11.8007,12.0332,-2.43009,17.0471,-0.248038,-3.63882,6.80337,7.07727,-12.6649,0.9894
9.48086,18.3472,7.66357,14.2154,-3.33821,1.07416,8.36603,1.7109,-12.3557,-4.70637
-5.46223,22.0273,9.49426,-11.4041,-0.763633,1.46339,11.1042,-5.43855,-3.97353,-4.88703
-7.41005,18.3694,-1.38582,-13.9754,-0.0691589,9.51095,9.3377,-5.39193,6.80423,-1.69875
-4.67218,20.6195,-1.74924,-2.41515,-5.58087,4.74908,11.9666,0.981044,12.3176,-1.70701
-7.07908,18.0224,6.76017,-5.05058,-1.63602,1.62909,16.575,11.3285,-0.192297,-6.74305
-4.20699,12.3708,8.19959,-10.9725,4.76879,10.5079,17.4804,-6.35002,-7.21695,4.62646
6.16393,12.9033,-4.39791,-8.82258,-5.2963,16.4607,-2.80588,-14.5643,-1.60217,5.74904
12.8752,2.35432,-10.0027,7.21903,-0.132914,19.6056,-2.15278,-2.83238,-4.35988,0.873318
14.9301,-4.90993,-3.92771,2.26982,16.0878,9.42161,-9.00091,9.95256,2.31386,1.31104
9.39874,-5.4382,4.95539,7.96163,16.4562,-7.75344,-5.04934,6.06823,16.7164,7.74736
-4.64058,-2.62467,3.32346,15.8289,-4.05478,-12.6151,-0.655312,8.11489,21.9555,-0.0686957
9.47205,3.39644,4.66394,14.4725,-9.00605,8.85416,-0.935812,2.74547,22.2394,-1.38564
4.27536,7.92625,10.1329,10.3466,1.9048,14.3774,13.7072,11.1356,21.7565,5.48262
5.34565,15.8855,15.2282,4.0768,7.80812,23.5609,23.0305,-2.05749,3.83171,-0.726884
16.4869,17.7745,-0.81749,-2.46952,8.81199,23.8673,-20.4527,3.4018,4.60508,12.932
-9.4359,-1.37336,-5.90613,-2.84876,7.48765,13.0852,-13.4589,2.30022,35.7419,7.71693
-9.9156,8.27845,0.644839,-0.874347,7.205,4.37423,-24.8445,-23.9223,2.99441,10.6788
10.0407,11.992,3.00906,1.39194,8.89993,-10.8947,-19.5169,10.2686,-14.5795,4.79177
18.5784,3.09702,-4.4529,4.28122,6.95947,-21.2642,-5.79373,-4.93977,-0.376412,6.35251
16.6203,-9.20464,4.63326,6.34297,1.11709,-16.5549,8.59589,7.50519,1.42977,8.66317
3.9046,-7.16191,9.04307,9.87701,-13.7147,-3.33835,-7.97453,9.42668,15.365,9.4079
-0.598157,-4.38334,6.33756,6.81796,-9.4834,12.5927,9.62285,8.58397,19.7318,-4.5996
7.25523,7.40314,7.99556,4.7969,-3.55491,7.15448,27.6809,2.97702,-4.24464,-6.86087
4.73353,15.9277,5.09077,-2.51359,-0.223708,4.44525,27.4182,-0.181646,10.5785,-0.798471
9.60103,15.5319,-6.01396,1.40817,2.15383,9.46158,30.6462,0.881721,0.76255,3.13489
8.54211,-2.15166,-7.71603,4.0711,16.6334,20.8374,1.30979,-13.7714,8.2845,20.6871
-2.18349,-6.96411,-1.06535,-3.44394,18.8199,-5.01055,-19.7219,3.90447,3.76423,22.9289
-1.52625,10.6107,3.98901,0.818109,22.1459,-7.12963,10.6269,-1.82414,1.52405,22.3106
9.67103,-0.713886,5.24121,11.0102,24.2905,7.81311,4.75522,1.38733,5.63147,25.7384
-13.6753,5.44424,7.98024,22.9936,5.7105,-13.8764,8.04843,12.6952,15.4388,16.4851
3.69525,-5.96686,16.0082,2.28674,-21.7259,6.39245,3.01891,17.2114,5.1894,-21.0641
-4.93977,2.05382,15.4384,-16.4622,5.26761,-8.03777,4.24249,11.5933,-21.2454,3.0874
19.4246,5.02991,12.6175,5.10921,18.5686,9.37404,2.36205,5.91399,-10.4763,11.0396
29.4088,13.0102,1.66532,14.6242,13.1845,-5.98903,1.76769,8.2261,-2.78974,2.49912
31.4784,-3.09621,-4.73025,14.5076,6.08075,-12.8338,2.80887,13.617,-0.760159,2.31066
24.544,-8.39338,8.9672,16.0988,-10.5804,-3.85807,-9.19092,10.0198,12.7821,11.2264
-14.2821,-6.45692,1.90575,15.7487,-2.75955,18.5952,11.5453,9.00832,24.9999,0.53645
10.8673,-1.52721,-4.196,9.03509,30.6233,18.2854,1.60315,4.68955,3.43166,-14.6004
11.052,10.4395,-5.32377,0.68743,34.2974,-9.70617,4.66126,7.122,2.39105,-8.3592
5.89667,9.60443,-17.2918,-14.0968,14.1846,24.932,-6.78528,11.1514,-2.69968,-4.20544
6.5232,1.55093,-19.5776,8.47127,0.0627212,19.5593,21.3637,-11.4987,-1.02649,-0.77235
4.76385,-8.62452,-10.924,-9.94616,7.84516,15.3108,-23.2389,-1.32855,-4.3755,9.60774
-1.42466,-7.54235,3.92339,-9.39398,-7.5216,14.2319,0.800711,15.2746,19.7314,-3.17364
6.13417,6.77915,7.72444,-9.73584,-3.8306,1.2585,21.6165,9.09153,-13.0307,-8.26629
-4.3316,9.49258,1.41496,-9.24244,2.08736,4.82793,21.1764,-12.0242,3.97629,-6.70894
-0.605289,10.9638,-0.550071,-5.69447,-0.296365,10.4709,17.9884,3.43588,18.4082,-0.303795
1.54435,13.1035,-1.98566,-0.365197,-0.434225,10.4088,28.2546,4.33124,0.43425,-3.95432
2.97816,14.9839,1.86678,3.40207,4.88111,15.8408,19.5292,-8.70859,15.7815,5.94625
3.43462,13.2842,6.0349,4.47192,13.0889,17.4247,-8.19203,-4.72955,12.047,23.7916
8.08062,1.80299,8.82259,11.5491,11.0034,-10.1082,-11.4428,-5.9162,1.557,31.4037
14.8121,-13.6012,9.0759,16.9558,-14.9196,-1.47147,-1.2035,-4.56498,-14.1826,16.1056
16.2628,0.722284,10.7155,14.4301,-8.14274,18.6733,8.73342,-12.1282,-7.08582,-7.92967
12.2559,23.123,4.14024,2.15464,3.54337,20.3675,-12.9457,-7.61322,4.01035,1.68069
17.7183,3.85524,-12.2254,5.85653,15.6533,3.96653,-15.3704,7.54818,16.1597,11.8654
-14.3782,8.68256,-6.31233,-8.90499,17.7533,-3.10765,-0.0818086,-8.89631,8.3452,21.0368
18.5249,5.28048,-14.1093,-4.95316,12.1278,8.94459,-6.44169,-3.10804,-2.6886,20.6743
-8.13635,-19.4237,10.2027,1.99699,6.04512,10.646,-6.28856,7.48756,8.45737,18.0378
-10.3686,-6.68796,-10.4431,0.40805,13.4675,4.43289,-3.43154,7.31154,15.6216,-16.7583
17.457,5.20626,-6.57728,-7.8726,7.5504,9.83271,-2.06413,8.31509,6.55389,-13.6668
15.6446,3.58154,-16.4454,0.630883,1.9477,13.8082,8.41322,7.42575,-1.34263,-7.01858
16.7646,-4.39208,-9.18956,-2.99285,4.23342,19.1552,4.04609,-4.8911,0.323119,-5.69513
18.8857,-3.1291,3.29419,-1.6888,0.361367,21.1193,-2.33446,0.401674,4.49907,3.88961
10.4474,-3.74282,10.0838,5.5475,5.1236,22.1027,1.94577,3.40438,9.60938,15.1216
-10.8186,-0.714306,9.71557,21.4984,14.5942,6.18751,-4.69732,4.87402,18.5625,8.16799
2.72871,-4.40465,1.71532,28.0997,-6.98402,1.71451,-1.72043,0.847978,20.7925,-8.74471
7.6029,0.180993,2.4394,28.9999,8.21862,1.17218,2.36791,5.30054,22.1364,6.91543
3.66609,3.11555,8.58497,27.5533,-8.98473,3.22107,3.82825,14.6709,21.7013,-6.60246
-1.21292,19.7345,17.6074,-5.20941,-10.0957,4.09111,28.0851,1.931,-10.6123,-8.84841
-9.09649,9.44257,5.99477,-19.0884,6.61086,15.6466,24.6398,-8.07279,7.72503,-4.34717
-5.77282,9.51683,-0.419377,-16.5332,-12.9803,4.0207,16.0694,-0.955587,25.0635,2.29251
-5.42832,10.1146,-4.95272,-6.35348,-3.15535,-12.8843,-6.89651,23.8496,-3.0555,-15.0469
-8.47713,4.34566,3.02962,-0.843038,2.72256,-9.0904,-20.6668,5.09182,8.60879,-11.5011
1.20308,2.67803,6.77929,3.29419,3.75976,-10.3971,-2.98266,-16.8991,8.25425,-2.28748
1.36347,6.0448,10.2043,3.72462,0.0216189,-6.39468,11.3993,-1.57748,10.6117,12.5079
-0.181606,8.3198,12.9548,-1.82563,1.39771,-2.48938,10.0806,18.6833,11.1322,3.86749
2.98862,11.8978,10.3273,-4.27268,7.75949,8.15006,14.3473,18.1906,-9.45566,3.65477
15.4586,11.9441,-5.84186,-2.22163,5.50822,22.6291,1.50735,-12.519,-7.18381,-3.0836
7.79292,9.58977,-12.6369,3.78277,13.071,13.7416,-12.7706,14.2246,-0.889826,-6.19655
8.23609,7.17496,-13.0769,-3.00423,17.4793,-0.963103,-7.53399,16.9466,8.58616,-7.4901
13.263,1.65187,-17.1206,-11.557,6.28977,4.13716,-3.00118,14.1289,7.65702,-7.01335
18.6662,-6.19604,-3.84986,-7.8441,-8.46451,1.65284,8.21101,15.3848,-0.73705,-2.92435
18.7093,5.92027,2.17009,-5.36318,-2.28914,-3.99803,6.79526,13.1227,-12.1838,-2.95023
8.99319,9.7611,-8.77573,2.07503,1.52315,-0.711976,6.55227,6.98048,-18.7134,-5.57853
-2.1365,10.9603,-1.72331,8.31203,8.93614,3.06785,7.9444,-4.77892,-15.2441,-4.52653
-6.67048,6.38642,15.3027,11.0357,7.37915,3.08154,4.73635,-8.92731,-2.80065,-3.3183
-3.53889,-0.981386,20.7292,8.54645,-6.91779,5.33224,5.30363,-5.63737,5.17799,0.468749
-2.44947,-2.11217,21.166,-2.33224,-7.12981,4.03877,10.7725,-0.288553,9.33212,4.08187
-2.14824,-3.75021,22.0688,1.49281,0.597743,3.40273,14.6775,10.5044,6.08779,0.452917
1.48748,-0.93932,21.4538,6.13203,-5.79742,3.5872,20.894,3.21201,-5.64349,3.05219
7.15507,9.38228,19.0547,-8.9758,1.34819,-3.7091,22.305,1.11703,-0.946634,4.85436
16.831,9.82117,-6.9072,-8.65162,3.25408,20.141,12.8822,-10.5885,3.38367,8.54039
10.6221,-15.2329,4.77949,-3.35712,-7.91651,19.7949,-2.70853,-10.6688,-6.61457,12.3467
9.85303,-4.78923,17.0786,6.419,-3.39609,22.4456,1.12625,-3.57754,-7.98409,1.71132
9.98862,17.2982,13.7083,-0.667886,2.82286,23.4607,-2.32761,-0.0928487,-3.70352,-2.94676
7.72927,22.1829,-9.25848,1.85244,-1.27535,24.4745,7.09467,1.96445,-1.05696,-0.629779
11.6478,14.9671,-5.37441,11.0926,25.9769,4.47617,-13.7243,2.01038,2.42014,3.2048
15.1439,-0.999048,-5.24585,4.76551,21.0753,-11.9818,17.3696,12.3629,4.97236,10.846
7.16498,-11.7901,3.69768,7.01923,24.8746,21.6616,11.6449,5.74122,-1.91181,13.1697
-7.80013,-6.26107,-5.26614,10.6166,27.9483,-19.4835,6.17749,5.67192,7.79316,12.2914
-5.38727,7.50778,-0.51796,2.57368,25.6349,12.621,17.7433,18.7414,-8.05284,9.95817
13.7647,2.53133,2.71589,9.86353,32.8243,-3.10339,-13.3512,10.1783,5.3052,15.289
-5.80468,-0.974736,3.33088,18.3122,-6.13287,-25.8084,-4.35007,19.3936,21.0919,3.81469
1.71172,1.81383,6.03987,13.2517,-8.51914,27.3193,-13.9136,-8.68092,15.3445,9.31474
-5.90951,3.73874,14.1844,19.2455,14.5946,9.61125,-16.2619,6.82082,22.9114,1.46105
-4.22565,1.56392,20.5865,11.6103,-15.2974,14.8122,-11.8796,-15.4333,10.1963,11.1381
0.478361,2.28621,21.5739,-17.529,-11.5401,18.3827,6.84687,-4.7493,-1.66647,14.4747
12.6379,5.69435,9.76359,-24.1649,3.88651,14.8853,2.44697,-10.6478,-4.01581,12.6907
20.6662,2.43178,-1.83072,-19.2562,-15.8652,3.89211,1.81894,-4.36375,-6.58326,-1.34501
18.5448,3.72976,-9.61493,-4.62335,-10.2438,-12.0554,-2.73357,-1.27308,-1.38685,-5.92323
19.4858,-3.0522,-6.95533,6.3392,-5.43226,-3.46755,-4.69937,-2.06747,1.87045,-1.19023
17.2236,-8.82127,3.27422,9.12559,-0.291319,2.68939,-1.24374,0.477045,4.3532,8.02218
-0.864467,-9.84384,2.94816,16.6526,1.6091,5.13072,2.68103,3.89347,9.51964,14.2697
-10.3869,1.87087,-2.53246,15.6734,13.355,-0.833034,5.52585,10.531,12.6863,-2.49884
-4.57561,-0.268365,2.66204,17.9868,5.71936,-7.90422,5.49458,18.1391,-7.58427,-6.56094
0.385446,1.96401,6.62174,17.4797,-8.84433,1.70512,-1.85847,19.4652,3.55668,9.95332
1.68614,5.57826,13.0279,6.97702,-7.86958,8.36114,21.9281,16.4709,-2.65766,0.523828
9.02645,13.4012,7.46328,-8.24149,-1.11283,-3.75421,27.6408,-5.37279,-3.8242,0.907997
13.9008,6.94762,-12.02,-1.67842,1.58274,4.41808,28.4852,1.62376,2.40203,5.16396
6.06111,-13.1373,-2.34244,-2.68346,2.61826,13.8042,24.2083,-6.99304,8.42325,14.316
-17.5855,7.67316,1.21779,-0.0150827,3.25827,19.4962,3.36423,-12.4126,7.17556,17.3346
12.4692,15.5041,5.94848,-5.69485,4.44184,18.2265,-11.442,7.28126,0.268423,17.8277
-4.629,-2.28187,-0.462693,-2.58695,-0.792393,19.1485,12.504,15.038,24.9855,11.0115
-0.625882,0.0518109,2.48054,0.628139,0.89499,19.6197,31.1598,-11.8616,5.8629,-7.1773
-11.6057,6.00498,7.38336,4.72726,8.36517,21.8998,-7.03348,-12.1749,17.3187,18.3098
-1.77326,11.5615,24.8185,5.94018,7.05816,-0.868241,-21.5074,-1.17072,3.4803,17.3124
25.6535,14.2662,8.95047,-6.33804,11.8515,-6.51273,-11.5801,-4.30527,-6.43555,14.3778
32.9217,1.32395,-2.44879,-5.92599,15.819,-0.417343,0.693871,-0.52872,-5.58014,-6.621
21.2671,5.76011,-21.0343,-6.54396,6.71413,10.4961,-1.71465,2.97414,-2.98855,-13.1036
17.4196,-3.61781,-15.6822,-2.22872,-5.14035,11.7822,7.49416,2.88214,-6.20259,-14.4703
14.4346,5.37901,-10.8267,5.26499,1.1751,10.5837,10.2073,-6.90307,5.66171,-13.42
12.5078,-6.78769,-8.12568,0.898164,15.8574,10.0492,-3.97591,-4.02803,11.8029,12.8472
-12.7564,0.746257,-1.99023,-4.69586,14.499,2.99607,-12.4643,-2.44822,6.31737,16.8448
1.56514,15.1922,4.85632,-0.945424,16.8888,-4.79957,-5.72158,-3.79107,0.939,16.0961
18.8942,-3.15459,0.121425,2.60242,17.9716,-1.10885,6.14431,-0.186487,0.256911,16.9534
-4.08509,-12.8998,0.503266,16.3323,16.4617,-1.79098,7.24671,3.93635,5.01032,19.1502
-13.708,9.25302,3.96108,12.2883,16.5195,-3.45442,12.2455,18.7504,7.02042,2.23264
-5.87126,1.37841,18.8533,15.3837,-6.39426,-1.57352,10.6494,20.3666,-6.918,12.9809
1.0666,4.03377,20.1094,-10.6347,-6.69021,-6.89552,6.67929,23.4522,9.123,14.5355
2.53888,9.06909,15.9373,-2.24795,17.2634,3.25334,1.83045,27.1533,3.10145,-13.9464
6.16718,10.2287,23.0758,12.0195,11.7121,6.69661,9.13738,17.8358,-12.2854,13.8981
38.2657,11.887,-3.24788,2.05931,5.00942,11.1601,13.9943,0.861725,-5.09076,8.00915
38.9864,0.571325,8.02343,6.01036,11.6769,15.0335,-5.02458,-6.53242,-0.0363516,1.51558
39.4104,-3.41704,-2.85517,8.89052,15.6957,-9.14672,-7.46919,-0.112777,2.01145,5.94709
22.6443,-9.83347,17.3421,19.2846,-15.6304,-9.52602,0.901094,4.80985,6.18127,18.2021
-16.1538,-7.61153,14.6723,-4.5404,-24.2561,-2.14755,14.7335,13.3163,16.3904,9.83362
9.27205,-15.4095,14.7253,0.225107,-5.4746,-9.56285,-18.1887,10.3724,7.83963,-15.7632
19.5071,19.9147,-3.21344,-6.61829,-2.62711,2.59795,-16.2745,-6.78613,6.63118,4.03859
16.8952,-19.8948,-1.64977,-0.620971,1.37423,6.99188,-12.6415,1.57154,0.344902,11.4002
-12.1371,-15.8595,-5.33721,11.6035,5.82273,4.43564,-7.4207,5.26355,13.1655,8.39113
-4.76686,0.768348,-12.5396,-4.97439,11.9874,-0.348145,-3.32757,0.129391,16.7929,-9.78949
8.30874,1.26257,-10.2554,-8.3924,3.0402,6.57761,-2.03039,-0.247232,18.3222,0.559835
-3.97589,-0.748795,-5.23194,-4.6905,-4.06431,8.34131,3.04267,2.91886,20.4643,8.30773
-0.223164,3.96283,-0.707038,0.773929,-2.53811,6.90804,14.6143,13.8683,10.2076,-11.7363
-4.64093,5.61619,4.21899,3.32207,2.15469,9.52421,20.7024,-7.38253,-6.81474,-6.54006
-2.82493,4.05246,10.5686,6.70553,7.00047,14.0611,0.711001,-12.7746,14.2851,4.72288
-0.735262,5.73495,18.8858,12.0755,3.64979,3.69461,-12.1919,-6.67701,-0.566048,13.0217
16.204,13.0129,15.8229,-5.63149,-1.66205,7.89429,-6.86015,4.5096,0.226183,13.0832
8.39392,-8.85312,3.65369,-6.56226,-2.19628,9.47685,3.67954,8.66628,16.4635,22.9932
-6.86028,-9.58051,3.28724,-0.091931,-0.134144,10.0425,20.4092,18.4901,3.91234,-14.168
1.39818,-8.86201,1.02785,5.32045,6.24555,15.9513,13.6876,-19.2895,8.69939,-6.40157
-1.53342,-4.04997,0.390016,9.53385,16.444,-1.41303,-16.7411,-11.3863,-6.35849,12.8716
8.08787,-1.99155,1.305,12.2843,3.38824,-16.2563,10.1605,-5.20855,-12.2134,0.028372
6.98519,5.99868,4.93784,11.5004,-13.8337,-10.2016,6.73623,3.44699,-7.42323,-4.13769
5.08669,13.7444,5.64395,-3.28335,-15.0309,-1.66441,0.0422962,6.38021,-5.82097,-1.03468
9.24561,14.0522,-6.43454,1.36377,-9.43109,-1.94834,-1.83654,8.91127,-0.610497,2.81615
13.2202,2.93743,-5.59163,13.448,2.98646,4.26307,3.55073,11.1612,6.21026,6.20358
7.54452,-6.20169,-2.77336,11.0625,14.1223,1.38914,7.51627,16.77,10.1436,6.22116
6.50137,-4.85513,-1.65621,8.42409,19.5484,3.60124,10.5864,22.1754,-0.788112,0.786384
10.1535,-5.26304,1.33082,11.0034,27.2523,8.44129,6.80552,9.79346,-7.24488,8.06595
9.7328,-8.74441,1.03763,19.1305,20.4733,-12.5832,11.313,12.1752,-1.30802,9.76029
-0.524923,-11.5877,-9.39,15.174,1.37854,-15.3589,-3.47959,24.7237,9.38047,9.00931
6.61334,-8.58975,-12.6884,3.94122,2.7556,-13.9858,-8.86354,-12.3102,19.9713,3.7612
-11.483,8.96202,-7.91856,-1.94824,5.749,-6.88677,12.7645,-2.8479,8.1008,17.5069
3.00936,19.6852,3.55718,1.36238,8.08112,6.35422,15.9876,13.1536,8.33357,9.43099
16.6591,10.9344,-6.14012,3.25239,14.0378,23.7326,12.1781,-1.73174,2.99092,10.7149
2.9595,-14.276,2.54401,-0.762697,17.7315,9.37225,-19.682,8.00543,13.1901,16.9501
-19.094,2.35748,-1.88445,2.54583,17.4311,-14.3543,5.52571,-13.3678,11.6561,6.38735
-12.6573,-3.95415,8.34657,12.0155,15.4119,6.58895,18.364,11.6138,2.60455,-10.8984
-5.63824,-7.35145,-8.18781,10.952,28.9526,4.94246,7.70872,-2.85121,-3.96187,-2.92098
-1.57687,-1.32256,-5.73024,-13.307,23.3051,12.3915,-12.9525,2.96911,0.661853,0.786397
2.75644,2.19706,-3.02852,-13.4818,1.75192,12.9414,-11.6457,11.4808,17.045,-4.74535
13.1138,6.38476,-7.7545,-3.78759,-10.803,8.05802,11.9509,13.134,10.7086,-6.18589
12.6627,2.70597,-8.59072,10.3313,-2.14213,0.632909,19.8279,5.89166,-12.6933,-3.81381
7.22512,6.3753,-3.52041,12.1956,11.811,6.88931,16.6432,-10.8731,5.97993,-8.51918
6.72904,6.75546,3.56656,14.8445,21.3219,0.189888,3.56932,-2.52594,14.7882,13.5653
-4.31731,6.92871,17.1707,16.9379,-6.83719,-7.99374,6.12883,17.1911,18.7809,6.13145
0.695181,8.35291,18.3209,-15.687,-2.1502,-4.20048,-2.92285,21.0755,-0.0661243,-16.2642
-4.39535,3.72575,13.3729,-4.60289,18.368,10.4813,0.845602,23.3469,-5.79244,5.50151
1.83361,6.11731,19.5637,19.0213,14.837,7.53108,7.83362,20.5972,5.01473,6.34869
10.0945,18.6988,24.8134,-10.5352,-5.90915,2.01537,18.8801,15.5286,-6.54716,6.80664
23.4919,-3.50959,-22.5824,-3.66116,-8.49182,-1.72809,21.5814,-6.05973,-7.29603,-5.6701
29.2345,-1.01468,5.09825,-0.716287,-5.19622,-13.7728,13.6804,11.4151,-3.73671,-5.56893
10.6125,15.7257,-10.9563,8.80404,-1.3739,-10.2669,-5.76284,16.4527,-15.826,-7.62141
9.38889,14.75,3.84282,17.4998,-3.66829,-3.43146,-15.7449,15.0617,8.24167,2.65436
10.6737,17.8125,6.06062,3.05536,-4.06628,11.4306,-6.83037,2.32181,22.8792,13.3215
-7.23686,15.7424,5.98572,0.22105,0.677983,14.3079,0.460609,2.09009,26.8094,18.3543
-2.64255,8.99562,14.3099,-10.9239,2.40835,18.0694,8.81706,9.09053,23.0543,-16.3092
-2.8247,16.0608,-2.77712,-12.8825,-9.78687,11.6309,24.3918,-2.85287,6.69783,-17.5358
-15.1335,8.08075,1.23508,-1.50205,-7.85715,-14.8587,11.8416,17.146,-14.6917,-8.79592
2.88048,10.331,6.10536,-5.03271,1.82714,-12.0554,-13.1868,10.4993,13.3766,18.3716
0.257505,13.4387,4.51776,-3.19706,11.6002,-8.87199,1.9462,-8.9494,7.41362,23.1039
10.5083,-6.2435,2.29765,0.960214,14.7901,6.60078,7.43581,-2.94383,1.14797,27.8711
-6.15674,-1.12732,1.39998,11.0303,18.3096,0.348039,-1.8459,-0.92031,-1.791,28.8334
4.19268,1.93335,8.00571,16.5444,3.02315,-10.7776,7.73539,6.30592,5.24601,29.3292
-12.857,1.77152,16.2655,3.51926,-15.6453,0.791789,1.50668,15.7934,24.243,-5.33671
-1.88039,7.26345,15.3953,-12.533,-1.80019,-3.23886,3.08263,19.3245,-15.2037,-15.8619
10.8063,4.32249,12.8742,-3.36375,13.749,10.4256,5.39476,14.4051,-7.12344,19.4829
5.58556,-2.99414,13.0389,17.51,16.1796,10.469,3.59702,10.9361,13.8148,21.1239
-1.34037,-4.13517,7.43674,29.399,-6.96252,1.02711,4.66986,20.0698,13.6275,-15.566
-4.51033,2.15721,10.8045,26.5506,0.476821,12.0358,18.9113,-6.5353,-18.0438,-6.96287
-1.88607,-3.45052,7.82297,31.1352,4.75866,8.66418,-1.82461,-19.0421,11.2364,0.810254
-0.603969,0.729228,5.03096,33.7133,-2.47533,0.74707,-3.2184,-14.8008,-5.72137,9.01945
6.32131,6.47206,14.8133,28.6943,-0.672526,13.6699,-4.8041,-3.93842,-10.1505,-0.898557
4.54419,22.1244,22.3964,-10.354,-3.38988,18.1086,5.87416,0.774891,-6.58252,-1.63183
3.7303,23.2006,-17.1089,8.13097,-15.3302,1.47379,11.8799,-6.97765,2.34948,-0.259991
12.243,23.3255,14.4739,13.3206,-3.42098,6.84291,14.0137,-0.972781,8.91072,9.61608
15.4602,-8.99627,-3.75241,2.39681,-0.402494,6.17126,19.536,8.5547,12.8333,28.3553
-17.5326,5.33866,-0.971389,3.7053,6.12141,14.7435,32.5222,12.7654,-3.11989,3.82265
-4.85806,9.05105,15.919,9.28685,15.8117,17.655,-22.1149,-12.1527,-8.40492,9.0893
13.6418,17.3849,20.89,-0.804792,-3.25245,-4.96602,-23.8121,-0.968973,4.10613,12.4249
29.725,-10.6496,-0.490253,-7.87852,3.37106,-2.46059,-16.9631,-2.02331,-5.99191,9.30281
29.2879,16.584,7.26432,1.98796,5.41823,-6.37038,-10.3577,1.45452,-1.00343,1.05119
29.3416,-14.8931,-5.24253,0.200661,8.6116,-8.44153,-1.43307,-0.166777,2.40784,7.20426
5.24675,-13.6188,12.7551,21.8776,-10.4187,-3.33702,3.30457,5.81233,7.83072,15.6137
-12.3737,-1.08612,-8.09058,21.3186,10.1827,12.1702,15.6097,9.53325,10.0601,0.222209
-7.66742,2.9432,0.605178,14.4331,32.4221,-0.00713214,7.09639,7.81723,0.375904,-4.29757
-3.13429,2.36198,9.43065,24.7304,5.7794,-12.352,15.3936,15.1482,-10.1958,6.63189
12.0489,4.45523,14.9616,0.313511,-23.1935,1.24151,6.60581,16.6229,3.78594,16.826
3.49861,5.4879,7.54278,-16.1557,4.7423,-10.2098,-8.81507,11.5002,28.0718,3.27153
-3.64627,8.78466,0.311267,-10.0251,17.0329,3.80534,-3.23732,-4.86649,28.7326,10.4
-8.96372,18.4466,5.08661,-6.40773,14.5897,5.21898,-15.3971,-12.8868,12.0967,11.7423
18.1445,14.0071,-8.94042,-4.11228,18.024,-6.44225,-8.21419,-5.41772,-13.0074,3.4902
10.1956,1.80642,-18.5485,-13.6868,5.74311,5.35274,0.800027,-1.05817,-8.12948,-13.4204
2.26885,2.67624,-15.7998,2.95487,-8.58469,3.79313,6.17238,-0.581422,-3.33493,-12.5941
0.487272,5.47244,-8.05004,11.3166,10.203,5.59197,7.55413,-1.5229,2.07272,-8.52493
1.85896,8.31849,2.22695,11.4585,18.848,0.0125863,4.73117,1.86078,5.3883,-3.97275
3.48643,13.8454,16.4553,13.1976,3.55787,-5.12403,8.96189,10.6785,2.15892,-1.55129
7.41617,22.1137,4.96513,-12.7918,5.41518,-0.410628,6.91843,14.4767,-3.57816,2.85125
17.9011,-1.42528,-20.4088,1.16214,3.13365,8.59844,13.2308,6.11068,-5.77792,4.56434
18.3096,-10.9806,12.4897,-2.36032,0.490382,13.7973,9.42792,-10.0349,1.09225,0.787484
21.1998,9.51601,12.5196,1.55612,3.21965,15.1284,-5.42068,-7.55545,-0.0425299,10.9679
28.0143,-3.98414,2.39004,3.01697,7.74907,11.5896,-8.29853,7.78535,4.34884,11.6786
-11.8499,-9.71081,2.85208,19.6458,6.83016,0.029016,-4.36291,5.89145,24.9844,11.2832
11.1005,-4.12124,-8.88851,13.092,9.11403,-11.0357,2.56125,4.36047,25.0374,-10.1588
13.5181,-8.60235,-1.67119,7.95612,6.16308,-11.7202,0.877286,18.0483,23.4184,3.40639
11.7118,-3.92589,4.32713,11.2505,-3.14106,-8.98703,-8.13837,2.69227,30.2016,6.57455
-20.3176,7.23382,9.3069,10.0465,-7.09463,5.79108,-5.3396,-12.2232,14.2787,13.3998
-17.4147,-3.05199,21.4761,-4.12836,-3.43594,12.767,-5.2242,-5.66185,0.819449,10.1535
-21.2723,-7.13531,6.87481,8.14427,1.65536,14.8259,-1.12055,2.70504,2.40454,11.2739
-20.3078,0.183536,7.49192,14.621,12.2939,7.40716,-1.37121,6.07572,8.06187,-0.271161
-3.65467,-9.1693,-9.01058,16.8094,9.7181,-9.18777,1.79799,8.34041,4.88885,-12.4756
7.00825,-5.34909,-8.79365,-0.131495,11.6495,-9.86037,3.79236,13.7703,-7.24862,-7.82211
8.22273,-3.30883,-0.749247,-4.26909,13.202,4.50184,6.14008,11.2171,-13.1447,2.43291
13.2278,0.514654,5.41741,3.21231,14.1428,14.3771,0.647256,3.4596,-9.95006,0.531558
13.4575,12.083,5.00902,11.3294,16.9482,-2.28264,-4.34575,10.7745,-4.11086,-1.34077
15.4513,20.9607,3.60305,10.197,2.11315,-12.5634,-3.05269,11.111,1.79436,1.37175
20.4866,7.09375,-5.67116,15.1408,-2.14632,-5.15715,-8.07346,2.64606,12.4274,13.6154
-14.1563,3.05503,-7.9964,13.4564,5.76631,-3.60841,-3.37958,-3.76581,9.62407,23.4202
8.13588,19.2082,16.9962,-1.08322,-1.97618,-4.80067,2.78584,-0.139213,6.41492,21.594
-0.859566,-6.62466,3.46953,-5.36958,5.46714,1.76007,5.60385,7.76244,16.9348,30.7268
-7.55937,-9.01072,6.24099,3.0837,8.20102,11.3933,13.3399,18.6061,3.4231,-22.9099
-1.54618,-11.4218,-3.52464,8.67484,21.8346,14.9333,-3.25219,-7.46435,-8.17323,-13.9096
5.85605,-4.78374,-1.15531,-0.572402,26.2382,-8.5356,-0.293678,0.759381,-3.32118,-11.3851
5.43276,5.38334,2.55646,4.97751,27.0574,5.8906,4.58611,2.01252,-2.99427,-8.51479
1.10514,11.6433,12.236,16.1076,18.7058,-9.42261,7.32453,5.00064,-2.22792,-4.6138
2.6601,15.2157,23.0285,-10.7932,-2.31719,-9.85999,1.85415,11.7573,-5.31305,2.91889
14.646,12.1174,-14.5325,-13.6194,8.4239,12.2101,3.20167,13.4606,3.14844,7.05334
7.58297,-15.7587,-2.88128,-7.10859,-11.7505,0.653119,21.2723,9.22864,2.72594,10.9203
-6.93128,-11.8908,6.76454,0.32409,-3.85568,-11.3075,2.63387,22.3433,4.26763,11.6744
5.60656,-8.46389,0.0552958,5.23743,-2.96109,-3.56278,-11.1777,8.93536,16.0571,-15.0722
16.9758,1.7908,1.99713,7.55199,-0.571978,2.77185,-7.88794,-4.24301,15.5473,13.0986
-6.63988,0.62921,3.21714,10.9013,3.19467,3.53933,-6.53641,-4.45308,2.48285,25.635
10.0686,3.43441,10.6907,11.0086,0.102761,1.76905,-3.63981,0.271019,-0.558223,25.9374
-2.62437,-4.50828,10.7604,13.2799,-4.22537,7.62999,2.01406,3.78841,8.21522,26.9836
-18.4657,1.21277,18.0218,8.66061,-3.1132,11.7008,14.0987,8.70135,14.4185,2.23049
-2.43129,-15.7838,-3.56692,14.8371,3.77666,12.0333,24.8918,-2.57162,0.528538,-7.99141
3.21033,-13.9031,-3.79978,-2.74827,19.2827,16.6514,-12.1725,-7.87288,10.9194,7.75828
-9.02967,-4.45996,-0.369,-1.91712,19.0045,-10.5566,-15.106,-7.80409,-0.852696,11.3647
2.03455,3.75967,2.4244,2.66281,20.7705,0.977637,14.711,-6.46507,-4.74766,11.745
11.9564,2.68167,5.48904,13.2758,23.0027,-0.0876012,-2.06931,-8.48661,-5.13822,7.7992
17.6602,10.8325,9.46849,17.5774,-5.53449,-11.3834,12.7672,1.53796,-2.07739,2.00922
23.1205,15.5673,-5.73587,8.9076,-14.5225,-3.23916,1.1238,8.81533,-0.591266,2.91906
22.3792,-12.7016,-5.26682,16.5922,8.24865,5.57412,7.12269,10.6558,4.07363,8.43589
-2.75126,-21.4775,-7.70856,7.13791,18.565,2.15122,9.256,15.5165,8.99889,8.33029
-4.42878,-10.6834,-3.10093,-15.1597,-1.0851,24.8144,15.693,6.45133,-0.334199,-0.220679
-4.21555,-6.81965,8.59746,-12.143,-7.59328,-7.60428,22.2772,1.69181,12.1677,4.14866
-1.94717,-6.34295,12.5816,2.59456,7.52868,-0.441031,14.3892,20.5309,-9.95241,6.87489
8.53403,-4.8793,10.5916,17.0147,2.47152,5.85002,17.683,0.848101,-7.94543,17.7489
10.816,-5.9435,6.98221,24.4517,1.40081,8.09379,12.4227,-14.8541,-2.05335,10.7095
8.17059,-7.97332,-1.81938,28.2845,9.20563,-1.29673,4.38468,-15.3173,-3.45846,8.61445
3.69771,-13.7758,-13.6961,10.3137,13.2283,-6.69851,20.9653,-1.42468,3.2876,8.17825
-6.42564,-5.93509,-6.76905,-13.1683,-0.683904,22.1354,13.8416,-7.58402,4.65499,9.83479
-7.03121,10.2707,-2.09659,-4.37414,-14.8176,1.06443,12.8191,-11.148,7.17387,14.5892
5.52511,13.1042,-0.924276,-0.422511,-9.38281,-11.6789,6.27133,8.48588,10.1914,17.0352
-1.33592,9.2909,1.01112,4.77389,-6.95733,-4.46716,-6.76846,3.92958,26.4993,7.25607
-6.04916,10.794,10.6035,-1.98332,-4.30983,3.84301,-3.90087,-6.73369,24.539,6.21267
-10.3216,8.99554,13.6153,-11.069,4.59137,7.15897,-4.34838,-8.04295,17.4862,7.89685
-9.99825,3.94469,16.27,-3.74058,11.7419,8.28279,-14.804,-6.08383,7.01078,7.02764
-7.38181,-2.05942,18.1053,14.3896,-0.597361,-6.9931,-10.6183,-6.42701,-1.55278,8.39243
-1.76517,-1.92699,15.8476,3.86238,-12.995,12.8416,-0.980048,0.576629,-4.61727,11.1328
4.57166,2.12435,16.8718,-9.19182,-5.91318,5.50372,12.5162,-4.84591,-1.05297,12.834
12.4421,4.89877,10.6893,-9.15351,6.21484,11.0255,9.19388,-7.53106,0.960203,15.3625
19.5767,-1.76361,10.0493,-1.34684,5.78613,16.8721,-8.00198,-2.13742,-5.95824,11.5099
22.1336,4.14522,10.226,8.09224,8.88377,10.281,-4.76978,12.1646,9.13226,11.947
-3.80235,0.789456,11.2594,17.117,4.6285,1.26003,0.714283,13.126,30.9145,5.94802
10.38,21.4541,13.7912,6.22545,-7.95482,5.73974,10.1936,19.678,3.49966,-18.4284
-4.35329,17.7613,7.69513,-19.5025,4.85668,3.94142,16.9199,-5.46467,-18.7537,8.12357
2.86512,16.4789,-16.4181,3.11967,-8.2664,8.00641,4.30001,-21.886,3.3637,-2.96025
10.9489,11.7392,0.504391,18.2006,13.3833,-2.35394,-6.70165,-15.6957,-4.85121,7.13279
13.0028,20.1964,7.77228,13.3026,-7.07904,-8.3846,10.5337,-7.76765,1.14269,-3.27226
17.3242,21.1552,-7.44506,8.53471,-9.63333,-7.23913,5.10372,6.30633,6.01539,5.80392
8.90616,-11.1752,-8.46732,17.867,5.39567,-0.307334,4.17664,13.3412,16.5306,15.0073
6.04869,-6.93657,-11.7206,-6.36523,13.4119,3.18128,6.17511,23.8925,5.80412,-14.1678
3.44009,-0.660344,-1.90331,-9.57461,-2.03835,17.1491,15.4371,-8.61207,-18.3702,-7.83569
4.05851,3.56337,0.331724,-5.38739,-8.58266,10.2296,1.80636,-18.7384,15.0236,2.03081
5.19654,2.98972,1.25785,-2.47435,-7.97081,9.65013,-2.15611,-13.1447,-5.04658,18.0328
16.4672,1.03644,4.61442,-0.480768,-4.96214,12.3829,-0.733729,-4.5726,-11.4335,-2.6885
2.11448,15.0311,-0.646294,1.0749,-1.15438,14.0557,2.34768,-2.96862,-4.24607,-11.0881
-8.27568,10.5284,10.096,0.081407,3.47143,15.6287,-0.592724,-1.58376,1.96993,-7.32697
-4.81256,-1.2882,15.2513,4.54769,6.14346,15.9836,-3.03254,4.27421,4.65665,-6.21715
2.79818,0.307168,14.8763,19.2973,4.91486,8.35944,0.157645,8.43805,4.23591,-5.9484
3.94428,12.3301,22.3975,5.22945,-7.48419,10.0902,12.2277,6.80607,-1.27577,-3.17988
4.25038,19.4326,-3.3,-18.0521,-0.611681,7.31867,17.0781,-4.12505,0.854052,-0.158525
9.22414,8.92783,-15.2016,14.3309,0.374422,0.470036,18.4404,4.22743,7.43538,7.69354
6.94497,-7.03548,-9.40957,3.52031,21.7782,13.484,16.6362,7.34663,2.27591,10.262
-4.86892,-6.70742,-0.5121,-6.65538,11.145,25.0128,-11.385,10.8482,11.221,10.0469
5.87599,-1.24636,2.92391,-2.16488,3.06563,26.5995,13.0301,12.5888,7.51266,-14.8031
8.10613,11.7675,1.34191,0.761438,5.09718,30.2886,-6.11652,-9.99877,10.9107,-2.91267
9.00104,8.92348,-3.2701,3.99511,13.1926,14.1796,-17.8094,9.61298,21.9393,6.66352
-2.49393,9.93008,1.84286,5.10997,15.2062,-12.3579,-3.34719,-19.9792,3.77796,23.1216
20.2463,-0.80218,4.08056,9.8435,8.84219,-1.12529,24.1161,-12.6891,-0.69294,11.2795
-0.362949,-10.126,3.66452,20.1216,10.6528,7.56719,16.8133,-7.03747,7.28149,23.8028
-6.2767,13.6729,13.9704,22.2967,14.0687,-3.66993,12.2181,-0.112428,5.19218,22.4852
10.9247,17.4302,15.9581,-16.814,2.59057,-5.7661,9.20566,18.5926,15.5906,18.8467
9.51527,9.26554,-16.081,-8.9145,-4.69824,10.4305,25.6669,27.6684,-4.26039,-3.91
9.17999,0.417093,-15.3263,8.16473,1.56421,0.15473,32.8629,-12.9891,11.2681,-6.60309
7.68227,-9.38704,-7.25947,-3.21558,10.2953,25.5803,28.5979,-2.04506,5.67006,5.39937
-5.7725,-5.39476,1.10373,-2.66132,-0.82836,33.1958,-14.7602,4.88899,-0.146739,16.4413
-10.1549,3.98604,5.12494,-0.0172654,-0.775096,32.4734,19.4725,-5.28943,11.2944,4.1418
-10.9846,4.61285,12.433,0.473066,3.09705,31.4883,-16.3355,-2.5501,8.84661,7.92479
-0.0487953,-4.08648,14.8905,11.4792,10.2715,24.4694,1.61436,16.4415,12.0907,-15.6783
-3.08329,8.34856,25.9823,26.7505,2.81057,4.7066,5.96401,10.213,-11.6809,-9.62528
-2.41561,-3.13222,32.7128,-11.6929,-5.60898,-3.52362,16.0088,-6.96078,-9.96752,2.8532
0.852093,-0.287307,33.1318,12.3109,-3.57569,5.3537,15.7261,-8.74608,5.20446,4.68422
-1.82087,2.48689,32.3562,-9.87073,5.55967,-0.286154,17.4157,7.48607,10.3879,8.66012
-1.16447,-0.198348,32.3442,17.5655,0.70531,15.0339,19.06,2.30542,2.20024,4.58643
-2.58029,0.594839,32.2186,-7.79108,-8.02097,2.83788,23.5803,-4.47363,12.5768,10.7138
-7.96022,-12.8807,25.0982,18.8137,1.20268,11.3571,26.8933,7.44868,1.00521,2.29878
-10.5542,-5.86056,-16.043,16.4126,27.6373,10.9595,14.076,-10.3708,12.6256,5.50527
-8.8056,18.3638,-12.7494,-13.367,19.5328,7.19609,-22.4217,-5.62567,6.74639,4.70077
7.0293,22.8216,-14.7207,6.25356,11.9431,-10.3244,-16.3032,-6.50108,-3.77672,6.24384
14.7178,5.25904,-12.3194,11.6879,9.77103,-17.5558,16.7388,1.31805,-3.27948,-0.90227
15.6299,-4.93916,-6.66766,4.1871,10.8423,-2.77002,19.6802,6.62993,-17.0678,-2.78961
9.77171,6.88958,-1.99404,2.50864,15.5992,14.8035,0.105027,-16.2017,8.13934,-12.3441
13.413,5.54245,-5.20494,1.88897,19.4647,-8.97486,-9.61869,-13.29,-3.59486,4.03266
15.9789,-0.243794,-4.40962,-4.31045,19.5543,7.71609,10.1367,-8.57434,4.05454,1.55205
10.2642,-7.90136,6.50924,0.395179,15.2769,9.90219,-16.7314,1.28744,2.42804,12.4852
-5.69131,-4.77293,4.33483,16.7433,1.91648,-14.7122,-6.26051,-8.00422,3.84516,15.9133
3.26454,3.8133,7.4467,13.797,-13.3199,4.35227,-0.243858,-6.14007,-7.42768,16.1428
18.3458,6.03246,8.15556,2.93132,-8.52497,12.1903,7.02972,-9.87071,-7.09447,3.20016
19.4255,10.0195,-7.29246,4.54348,-2.75572,11.5735,2.67645,-12.6537,3.38468,2.75302
17.0188,-13.8304,-0.324495,4.724,11.0729,7.3269,-9.75955,-4.46465,-2.93419,8.86179
9.68504,-12.6383,5.36878,19.2775,2.42713,-8.71332,-5.88504,0.680559,-0.204764,7.80708
-0.899306,-12.2318,-10.6491,18.7319,2.48592,1.59308,-3.32785,1.28612,3.35368,10.6707
-7.55463,5.8778,-14.3181,-2.82461,14.9822,-1.16737,2.00498,4.04487,8.37503,8.11487
-3.41803,16.1244,-7.15527,-0.809579,12.133,9.35703,2.59823,8.35194,10.751,-1.015
-4.37443,16.7903,4.64841,3.24505,15.8924,11.931,0.578129,10.1953,6.47301,-8.72889
-8.65701,1.94469,19.898,14.0976,12.3124,3.11292,-0.356545,12.673,-1.26361,-8.63124
-4.7067,-8.23046,6.81937,22.5581,-9.45457,9.97254,8.57285,12.2489,-5.39884,2.32426
-0.798182,-2.80748,-4.71505,20.4057,21.1338,7.80804,7.95627,-8.09522,-3.76062,7.70976
2.90985,-0.728742,-3.09166,10.8311,25.8601,-2.74469,17.7178,-2.63026,0.531306,8.48166
2.54514,-0.866384,-0.00979598,9.14758,33.4538,5.99693,-0.6712,-2.76242,3.32202,12.0388
-0.104687,0.71865,2.73055,14.5338,24.7458,-8.10812,17.6368,9.46355,4.92902,13.8808
4.71585,3.33864,9.72957,23.4722,7.84135,-2.01461,20.3509,20.1524,-4.339,14.6041
19.8761,0.377624,14.4294,14.2675,-16.3409,-0.0878593,20.7214,12.356,-5.0143,18.3098
24.9615,0.883609,16.5044,-10.4221,-10.0692,-16.386,-5.28437,15.5698,6.20806,17.2045
-13.9417,2.35602,18.1645,5.00618,12.886,-13.6979,3.25306,-4.42196,15.395,26.7755
-17.0925,-19.8018,12.9032,10.9127,-12.4244,-7.72613,0.526095,15.182,12.8104,-12.5506
19.8995,-5.17847,0.970678,13.4461,-4.76442,9.54739,9.05338,13.0547,-11.9958,-16.8166
-13.152,-1.16684,10.6023,14.9061,6.02633,11.1045,6.91141,-13.4086,-2.20256,-18.5053
8.97169,-6.73229,-1.84344,21.0901,11.7619,-4.77026,-0.440944,-11.1822,15.7786,0.697022
-9.76267,-0.713272,-8.62922,15.4392,6.03856,-10.6005,11.4033,11.6779,15.6406,7.59068
-7.12719,2.50592,1.65411,16.113,-0.970838,-8.99991,-3.39747,24.8124,-3.77344,-6.62314
-2.37887,0.752633,7.68165,13.6525,-7.39831,8.05922,-2.94065,22.6501,7.17996,-8.92862
-0.954554,2.10025,11.6226,10.6594,-1.55791,12.1357,21.0658,-3.11646,-15.2952,0.354491
1.43655,5.41407,16.6574,7.89576,0.720836,13.7609,0.519412,-21.0991,8.13779,5.8047
13.0993,13.2733,15.2319,-1.73429,2.27122,13.7754,-14.4951,2.82305,-9.02313,5.61978
21.1688,3.2046,-11.3346,-0.447862,1.0436,14.8429,4.77203,16.799,8.72755,7.97376
4.41247,-15.1708,4.87724,1.07537,2.70059,19.8071,23.7201,2.98758,5.5355,11.6991
-14.3629,-0.859816,-2.36795,7.53854,17.6267,18.7416,-13.0673,-8.98314,1.14239,15.1236
6.51246,11.1399,10.8854,11.3682,8.55521,-22.2775,-1.40076,-4.84723,-3.88994,17.1104
26.3818,3.87932,5.2212,2.29452,-9.66251,-16.2246,-2.99604,1.8743,-1.2711,12.4667
21.1785,-6.90465,15.3695,1.79789,-8.72664,-3.44586,-8.46093,-2.05585,0.936433,15.7615
16.1753,1.49368,22.062,-4.09348,-4.75908,4.7726,-3.43011,1.30954,2.4117,18.9405
7.79912,1.04879,17.8454,-3.34666,6.29302,8.61662,0.966397,4.51194,12.527,26.6944
-17.0255,-4.0845,20.3714,10.7394,5.34261,9.94209,3.60599,9.31633,22.9973,-3.01381
13.8833,5.66091,7.16168,25.1559,6.21883,7.33115,13.1013,10.9025,-5.25287,-17.5829
-12.3195,-2.81555,29.1387,5.30931,-8.69575,6.14234,15.3801,-9.17402,-3.79436,-10.5391
6.00129,-12.5322,16.0684,9.16122,-18.4014,-1.92923,17.0015,4.55889,13.3021,-3.49503
10.8526,8.90155,14.6219,-14.6139,-8.0536,-13.1077,-9.27366,16.8254,4.26942,-2.389
12.2116,7.18904,-16.8856,-13.669,9.04971,-5.5771,-6.49504,-3.7352,12.4089,8.82144
-5.53309,-3.57355,-7.32204,-15.4048,-4.88686,-1.93947,-0.980095,-4.08996,5.17246,19.9989
2.39576,10.8003,-6.7581,-4.42369,-4.32459,-3.58831,1.42065,-0.381339,3.41234,20.6098
-0.253623,-1.56624,-5.72497,3.46197,-0.396356,-0.967816,3.40691,4.77824,10.1867,23.2087
-10.6842,9.95004,6.84673,5.72896,3.68662,2.3171,6.90272,14.5022,16.8892,-3.86121
-7.7484,-4.44649,12.9066,9.51481,1.87613,6.45423,14.8767,10.067,-14.616,-4.21427
-2.47536,-4.57528,4.5586,17.8631,4.86784,8.72599,10.0584,-16.8228,-5.85784,1.59952
0.364722,-1.20173,1.39473,21.9001,9.64546,-4.14079,3.22667,-14.9561,0.997336,3.43595
1.4989,1.76361,5.04951,22.6781,-7.39698,-3.53031,12.3399,-1.28617,6.16527,9.15743
0.786282,4.49779,12.3022,9.9462,-15.8583,3.16848,18.1891,8.85292,6.37229,8.97241
6.69352,8.29142,10.0181,-12.0264,-2.89576,-14.3136,0.811772,21.3915,3.25759,8.66445
7.90565,8.82697,-4.3894,-9.80605,15.0903,-6.33104,-5.30117,7.99412,22.2989,2.32635
0.964884,4.6602,-10.6018,-11.0982,7.57239,6.82003,-1.3589,4.29044,26.941,5.78462
3.76012,7.50688,-10.5938,-0.501359,-3.3571,9.8163,7.07457,9.59286,25.8492,-6.66157
8.403,9.88829,-9.10183,8.65578,11.0204,14.7931,20.797,7.47139,-5.49996,-9.24097
-1.12046,12.2608,0.139379,6.83997,28.3136,0.292234,-14.5308,-2.25213,-0.186838,-7.21119
-3.50596,9.88036,18.1864,12.3656,3.25663,-16.9593,14.5107,10.4184,-0.170772,-3.90629
0.218001,7.37274,22.1276,-9.45678,5.61197,-12.8804,-10.4812,13.8637,4.14803,4.55955
3.32055,12.8688,19.3508,5.3007,16.4594,-12.29,4.24011,5.5574,13.533,3.44383
5.51597,23.4456,14.7169,-5.62945,10.6804,-4.57204,4.96301,20.5258,7.19844,-3.51614
2.57176,26.494,-7.88845,-3.50265,10.4814,16.8015,11.1945,14.599,-8.99197,2.70733
14.6715,11.2358,-16.5788,3.93375,24.9772,14.4479,-11.5559,3.30719,-6.94128,-0.413687
15.1711,-9.71845,-5.52844,-23.7319,7.71002,6.00286,-12.8863,10.8188,10.618,2.74139
1.28484,-3.72176,19.3069,-4.48597,9.64095,12.2042,-7.30108,5.22558,24.7509,6.90077
-3.94203,-4.4735,16.2374,19.2565,0.317679,3.07567,-8.8037,-7.62537,25.4311,3.0361
-15.621,-1.70043,5.71697,21.6366,1.89022,14.716,-12.5769,-9.63675,7.45299,9.32857
-11.9064,2.37077,13.7133,24.2402,-4.59364,-0.561349,-14.3538,-2.46799,0.262521,9.24781
-8.45995,-0.791277,18.1641,7.85982,-8.29963,22.5138,8.65255,3.85766,5.11784,8.92279
-12.9288,-6.10241,14.0942,7.52323,-1.7174,19.7695,11.8863,-11.5418,11.0798,8.26806
-19.327,-1.92723,1.82237,15.9684,14.4643,9.57801,-13.6903,-7.21352,5.74451,5.21777
-14.1694,2.60083,9.48576,18.785,-7.04551,-13.4019,0.841764,-8.43567,-1.13401,5.98522
-7.91937,0.179973,14.5387,-2.74908,-19.2888,1.76847,3.32104,-4.66383,-1.48324,9.24521
-2.5719,0.894339,16.0795,-11.8099,6.14684,-4.81581,5.40147,0.047019,0.0151819,11.6854
0.651157,3.71687,17.6741,8.71327,12.9802,7.29659,4.47055,2.79413,4.55179,12.9763
0.828661,7.26371,25.2645,8.28453,-4.4199,5.52005,6.82257,7.08708,10.8344,12.1846
1.63759,10.8661,19.8124,-13.4026,7.91184,9.84909,15.9222,15.2372,7.44665,2.83704
7.56947,14.6634,-2.1123,-13.1378,-6.71107,27.9532,8.88666,-12.3881,3.97153,5.18678
11.0133,-6.41958,-9.88418,8.12471,-8.57842,16.3265,5.77405,-19.8478,-0.795555,16.8078
9.69391,-15.4714,-0.931537,3.33398,8.58004,13.2257,-15.3467,5.02882,-15.045,-1.5983
10.6536,-7.6552,6.08056,14.0331,9.0746,-4.18428,-9.23237,19.0533,9.66128,1.47539
8.17075,0.57131,7.48696,17.0139,-8.70496,1.30125,-10.4434,-2.34426,20.6881,9.77414
-9.46319,5.40617,13.9621,10.4271,-2.31099,18.1488,-5.36784,-3.07318,10.9142,17.2873
-12.342,0.42823,23.8512,4.35634,1.51668,19.7631,-1.02522,3.10787,13.2115,6.48404
0.265065,-14.3222,2.48667,23.2833,11.7283,15.8779,3.56517,4.72347,12.5996,-8.53853
16.1657,-10.3174,-4.02926,9.94495,22.6756,-11.8957,9.24814,12.3042,8.6402,-1.44228
18.2139,-5.06989,5.20109,14.5675,15.0709,-4.27394,12.4326,21.5122,-10.1388,3.08594
23.52,6.14244,7.92452,20.0224,-4.67849,-3.66108,9.17783,11.9692,-18.5432,-0.907118
-11.2324,20.9232,14.6128,-2.90107,-9.9322,0.487668,11.2587,-5.49013,-18.8672,-9.75022
-15.3873,-11.39,17.2594,0.214863,12.4379,8.70677,10.1683,-12.4646,0.679894,0.299792
-13.2153,-7.10415,-12.9866,4.57302,20.0077,-2.3945,-0.682021,-9.93562,4.14437,2.3533
-8.88988,13.1497,-9.24358,-8.97978,11.7797,11.2923,-4.31351,-5.17177,4.87133,3.67631
0.141868,19.8832,-4.17424,1.53645,6.41098,10.9043,-9.6222,3.62922,7.35365,4.54604
7.21265,18.5673,0.0559805,6.28515,12.0623,0.62139,-8.08485,2.37887,15.4779,7.5954
6.1513,8.08959,2.18598,8.80753,9.25119,-8.8394,2.18602,-1.692,14.2965,24.4553
-10.1482,10.3273,14.7043,6.896,-1.80496,-6.51625,4.29498,14.4264,23.1672,8.20097
2.30183,6.69154,19.6732,-3.55595,1.0249,-2.78331,-1.62102,18.8883,-1.30467,-21.9838
-5.67257,-3.03154,19.7414,7.15524,7.23455,0.469605,0.249885,21.0905,-8.98862,11.2283
-7.67698,-4.57801,15.833,11.9007,-9.55512,4.91563,7.66279,23.9966,10.6154,-1.43517
-0.215505,-6.79419,8.18665,8.5359,-13.255,-1.05144,22.0932,4.22968,-18.1604,9.33852
8.83074,-0.537848,9.82723,1.48714,-17.5541,-17.4572,13.0545,-2.67211,-7.93961,0.585297
10.2939,10.6956,2.82463,-8.89469,0.887885,-19.4339,-7.12468,-1.01992,-3.66633,-0.942668
11.5304,7.97686,-11.9707,-4.48333,10.3827,-8.08281,8.37622,2.55599,-0.494896,-0.140405
13.4737,-6.35346,-8.12678,-9.83498,3.25838,9.12148,11.4378,3.03496,-1.01354,2.63888
12.1244,-4.66941,10.6132,-5.0644,-0.883038,10.3279,12.5467,-5.27775,3.2886,6.72335
7.57559,0.806208,14.8866,1.29823,2.45868,13.1513,5.82926,-7.65625,4.23953,16.8999
12.0954,1.23479,16.4007,8.56127,4.69848,12.9784,-4.92036,-2.8583,-4.06651,18.4024
19.4021,3.37016,16.403,12.4533,1.04318,9.67579,-2.35921,6.416,5.10251,18.1941
-4.70261,1.11525,17.5941,10.3708,-2.10805,12.171,10.6784,11.296,21.5483,19.0287
-5.30625,-9.7283,13.0609,12.7277,-3.91972,10.2386,32.7212,3.49593,-8.7289,-5.91949
-2.46188,-8.0505,-2.61066,17.9386,7.52901,10.7183,25.6602,-1.66978,22.1287,4.61807
2.73397,-3.04305,-6.53534,2.44177,33.5325,20.7294,-1.22697,7.62885,12.3142,-6.54271
12.6848,0.836351,-2.90409,-8.69551,31.2936,-6.34973,-13.0671,-4.61097,17.6582,2.99755
-3.22693,-1.45472,2.91926,-4.00617,31.9079,5.24265,-9.33495,-7.26781,1.84342,21.698
10.3565,-1.13844,5.85197,12.0679,25.3994,-11.0564,13.4672,-1.73724,-6.62099,18.965
11.0957,-10.9124,2.81962,25.1989,4.07761,-3.66755,24.528,4.19979,-4.47486,15.113
-1.59655,-15.7126,-17.348,8.9503,14.8898,3.14464,25.2701,-0.165634,-3.68876,15.8978
-0.822071,4.18305,-14.3048,-8.08761,-12.8805,21.8358,-0.868666,-14.597,-9.45053,14.8056
9.05985,-2.27444,-10.3825,8.6549,4.5013,23.0214,-6.33233,-9.09208,-10.9059,-7.67808
5.69585,1.02169,-6.77832,-0.613788,17.8035,0.885568,-13.6016,18.922,-0.475169,-5.43822
10.3803,3.98402,-5.63322,-5.90159,19.7596,-8.53351,-6.21869,8.60355,10.8313,-4.95952
12.5278,-1.34138,-6.65953,-13.3647,14.3606,9.31603,-0.227766,8.34442,13.7026,4.21351
3.02809,-3.86928,4.7715,-11.3656,-4.10633,15.8099,12.4378,11.2057,17.5995,3.41002
4.96417,2.39722,8.93677,-9.87362,-2.21219,2.65854,28.7899,6.77259,-5.53,-0.00197044
8.01644,8.40203,2.19393,-8.44666,2.43979,10.435,24.7043,-10.9508,8.69929,3.55979
-3.57057,5.79492,-2.03772,-3.60723,-2.4527,11.8599,17.9992,-2.39039,16.4075,22.0483
-6.62894,17.1402,7.54192,-4.43343,-0.82466,9.82124,25.7306,11.7645,12.277,4.93293
0.230658,16.812,1.46839,-11.2361,-1.54922,10.7345,30.3668,-9.12865,4.38768,3.6664
4.91062,13.273,-8.59214,3.38086,-4.09192,-0.101238,28.9704,15.2108,12.0627,11.5418
19.6876,-2.59921,-4.90866,11.4676,5.35955,3.18144,28.927,3.50321,-15.9362,9.65173
20.7443,-3.68538,3.13832,13.6924,19.1659,10.7087,-0.360268,-20.6931,8.7129,12.8931
14.8938,-12.6296,0.784819,24.0628,0.513934,-14.2619,15.0973,-13.3162,-6.77148,-0.159692
16.5381,-12.3523,-5.17102,25.091,-12.2218,-2.04599,13.8908,6.91356,1.70949,2.87372
10.3778,-25.4867,-10.3039,6.76571,12.626,5.69074,15.6582,4.64746,-2.36502,5.44007
-2.44513,-24.0384,1.66736,5.36798,16.1204,17.1162,-5.19072,-2.5315,-0.506211,7.28715
-13.3071,-6.03154,-9.3552,-11.9115,18.1667,-0.546705,-11.0799,2.62391,7.37101,5.59387
-9.95728,7.71773,-6.69178,-14.3381,2.16864,7.58038,-9.96358,0.0852501,11.0675,-3.69877
-4.34695,10.0224,-4.14595,-2.7955,-6.81983,9.62182,-1.96845,1.15551,12.9409,-8.90112
0.934284,11.2093,1.48374,2.54444,-2.329,10.7162,9.17326,4.65606,10.867,-10.0371
-1.15532,14.0919,6.26592,0.846125,2.39381,13.6294,15.445,1.01814,4.30845,-8.04361
-1.83923,12.9956,9.59936,-4.04938,4.06787,19.9138,4.5802,-5.91573,12.2341,-2.68718
1.88282,14.653,3.13868,-8.21438,-2.35826,22.1037,-4.17113,-0.576243,13.5754,5.78141
4.33293,12.1729,-5.70295,1.17361,-9.78411,15.2558,15.3232,1.76733,15.4957,11.8515
2.39799,9.79899,1.37969,9.11459,2.72416,11.7602,28.1278,10.0577,9.84177,10.2427
8.66273,8.97039,8.48812,12.2586,18.2872,23.612,4.70583,-12.3637,7.16254,16.2743
24.4272,4.39705,12.9629,22.9843,-6.62651,-14.3295,-5.04462,-6.3694,-9.63857,9.95454
11.9773,28.2047,-5.82384,10.9156,-13.7217,12.5059,4.48187,-1.19712,-7.13303,-11.9261
-14.0753,9.88557,26.0362,-9.67838,0.430735,16.5559,4.00881,-8.94599,6.69032,-9.74741
3.30929,-9.56759,21.0086,18.9748,3.88055,14.4913,-11.4877,-3.33791,12.6204,-4.85588
4.91295,2.75904,17.4344,25.4823,-1.64805,16.2723,-8.45333,1.21375,13.4363,6.91314
-0.319784,8.12065,27.5021,7.64941,-3.13901,21.8346,6.23936,4.6545,18.1857,7.07673
-0.459531,8.35668,24.3665,-14.4516,2.94708,22.957,18.6916,1.83267,15.8474,1.2473
-1.11305,11.0375,6.93004,-25.3268,-11.5436,18.8402,13.6603,-6.67559,19.8708,11.311
-3.47661,17.0163,-12.2879,-8.94355,-5.69023,-19.6169,-5.83475,18.6348,18.2336,-7.53752
0.676112,18.5022,1.40479,11.2748,-5.23885,-8.50636,-8.38753,-19.857,17.3777,-1.64041
20.2924,14.4122,-0.0817673,-1.37513,-6.58866,0.304415,-0.608794,-19.3098,-8.94769,9.58169
16.4721,9.29301,-12.3619,10.8703,3.5466,3.69799,-0.291198,-14.3286,3.13617,-9.8503
14.6235,-6.80942,-8.9122,3.98672,17.7118,-3.94212,5.15382,-8.96457,6.31493,11.1611
-9.49751,-8.82192,-0.746619,-1.44845,18.4196,10.4563,-0.344423,-3.64428,3.52685,17.7536
-5.9222,11.9728,5.29192,1.95406,19.1479,-0.569062,-10.2905,1.35288,5.52291,16.2236
8.35968,13.4783,12.5878,6.85876,10.9076,-10.7306,5.55995,1.71051,7.95998,18.8172
3.12441,7.22038,10.8998,4.71885,2.24802,-5.8778,5.3673,20.0634,23.6444,15.0352
0.772637,16.4114,11.1123,-3.13906,2.63275,-2.06689,-0.598078,26.6728,-1.93424,-20.608
0.301364,9.46817,14.3625,-4.10414,11.4636,6.03304,4.60207,26.3714,0.663127,17.5051
6.81443,13.2644,11.2389,1.94433,14.3917,25.8274,20.7806,14.3414,0.59941,5.20683
18.1349,14.894,1.40677,6.93196,24.9757,10.3137,-22.9265,12.2749,7.09625,7.92552
-1.9999,-4.26894,-1.65225,6.16588,16.7581,-19.6141,19.1936,6.71109,12.0517,27.58
-9.7058,6.45318,9.51955,9.51746,11.3636,-0.592664,14.4301,36.596,-8.97682,7.72124
12.1857,5.55636,16.7584,10.0409,0.927263,5.37923,22.6604,27.5358,4.80348,23.181
22.6437,0.523212,16.2882,4.22328,-3.34192,3.24914,35.7431,8.29906,-8.74077,20.5282
33.8009,7.87357,5.16761,-2.42684,-2.05723,-5.74401,36.2984,1.56604,2.54504,10.8629
35.2013,3.04668,14.7851,3.81084,0.583592,-2.20668,31.4843,2.83247,-14.3501,-0.278905
7.44147,30.2863,-7.29252,17.271,9.63318,6.0267,30.8143,1.11157,12.5159,-7.81704
-0.224035,33.3804,26.562,-1.43331,16.5236,23.6096,8.38709,-5.12779,9.47108,-1.93877
4.31827,32.1504,-17.4747,-3.24751,-8.01221,28.7626,-4.35863,13.4426,17.7249,-0.763453
-1.26986,30.5701,26.2014,19.0038,26.3962,6.91984,-4.05777,6.48216,9.62538,-6.22021
-5.79474,4.42272,45.8148,7.74269,19.4717,-0.496518,-0.371956,6.37809,7.9762,-12.3939
2.55057,5.84256,41.7036,-23.53,1.77173,-2.42073,4.07429,9.31697,-0.921845,-11.7352
-3.08598,3.90535,41.1211,25.2812,0.558318,-0.603375,-3.32824,12.0154,-4.40038,-2.58147
0.625409,0.878868,41.7759,-9.74609,15.4591,6.35149,7.99044,11.973,-3.36312,5.02862
10.7072,19.2061,39.5072,-11.4375,-2.20771,9.13367,12.1948,4.8205,-0.511463,8.63277
23.944,-19.9984,-19.2705,-3.27639,-21.7617,2.50018,16.6093,-6.7424,2.68622,13.6816
-23.9324,-16.2499,-10.2967,-0.130874,-15.644,-14.7859,-6.36232,6.0748,9.93479,10.2484
-19.3684,3.2685,2.80186,13.7738,-5.40314,8.85657,-10.1581,-6.31267,12.934,-12.2477
8.1399,-3.57102,-0.53518,15.4773,10.7059,4.06535,-13.9305,-8.08768,15.581,-5.44666
5.68013,-4.94125,-0.27909,16.9865,0.987452,-12.1879,5.75397,-13.6921,-0.314154,13.4006
0.632385,-6.49624,-5.68389,18.5541,-6.33502,-4.88648,11.4569,-1.39616,0.140198,14.3589
-3.41239,1.6519,-8.25778,16.8664,8.03963,-0.933977,13.0233,6.31481,3.95274,14.9427
0.339531,7.9404,5.27134,17.0928,12.5854,-0.257,14.8935,16.8025,4.84523,10.1568
11.9866,12.9638,17.8097,9.90447,-4.37201,1.51189,17.4352,17.8749,-4.17203,10.9538
32.522,2.25922,-7.25139,-0.680114,-2.68716,-3.01667,18.1011,7.41357,-10.9002,3.15549
11.5127,16.3237,-9.41361,6.11785,1.6114,-1.08882,18.7755,-4.8981,-6.212,-23.071
-8.726,4.49711,13.6147,11.3409,5.17163,5.86963,18.651,1.73445,8.22674,-21.7614
4.45405,5.00925,15.7597,15.3363,-1.08356,9.61709,20.0066,-1.15974,4.31436,-18.5693
2.17489,19.1113,14.7135,-10.9496,-0.695025,7.25424,22.2953,2.55212,11.0286,-9.61961
-6.85338,20.3955,-6.74397,-8.58992,-6.53257,4.67336,26.6464,0.362657,3.80334,-8.23186
-14.3532,12.392,10.7278,-4.81057,-2.42878,-7.95461,23.5322,9.46192,-10.2135,-0.448081
10.8973,10.5709,9.16903,-7.0179,10.7776,11.1597,18.9782,-11.5861,-10.045,9.46275
14.6643,10.2498,-9.62965,-1.78149,4.96193,17.8066,-18.4416,-0.559632,-7.77247,-6.11708
10.7224,4.93833,-13.7797,1.97813,11.006,11.2353,-2.52989,23.0448,2.76649,-4.65222
12.0482,-3.04287,-9.92122,-6.54709,6.47916,20.8213,13.7039,11.7841,-10.0771,0.300196
14.1283,0.167535,0.605922,-5.07056,-7.73137,20.0656,2.87779,-18.0512,4.43647,-3.77016
15.1977,-2.22203,2.84991,-2.48206,-10.2875,20.184,-3.79705,-9.08691,-1.80709,9.27587
17.2305,0.81822,9.71468,-4.14415,-9.45611,17.452,6.04815,-7.83724,-2.34352,5.05829
21.2008,3.36184,0.336491,-8.31744,-9.72869,6.30976,7.38971,-11.795,1.97943,8.94758
13.2585,-9.14082,13.4176,-3.30621,-4.33924,-2.2165,9.56394,-6.81003,0.890815,15.9346
1.48583,-4.99814,19.2303,6.54812,-5.91499,-1.41026,12.1493,0.291179,1.98561,18.498
-8.62335,-1.68787,18.277,-1.19387,-9.22907,-5.19922,9.76184,11.195,7.96809,15.0734
-6.52482,-12.7921,14.1246,4.26124,-1.67488,-5.19952,-0.681804,19.9041,7.00454,-9.4014
8.10636,-3.99864,8.27017,12.5301,-7.42165,4.90963,1.36184,20.7967,-5.98292,-6.58977
10.8599,7.61837,9.99333,6.77476,-5.27906,7.60503,18.1026,-1.32019,-15.7638,0.510183
6.16171,19.178,2.08216,-2.8705,-2.24552,4.36803,15.5125,-11.1205,14.0993,1.016
6.01337,10.5215,-5.47962,4.96655,2.27952,6.51624,18.007,11.9735,17.9268,14.62
6.22528,7.98401,0.465024,8.47861,16.0794,22.2199,24.5595,3.25609,-2.56058,5.37409
14.1089,7.37476,4.22796,15.4819,25.4714,-19.1919,-9.82264,-3.38333,-2.8597,5.66958
21.0746,11.4203,5.18873,11.6957,-20.494,-15.3355,-9.65353,8.09044,1.26467,5.12688
14.6343,-6.75026,1.08749,9.92648,-9.92496,19.8111,9.67212,6.41033,13.7877,19.4571
-17.325,4.00435,-0.466055,11.2011,15.9416,23.3566,13.9719,0.805221,15.9472,5.35652
-2.02728,-3.90941,5.84559,25.7669,13.963,-18.5912,-0.125109,-3.51227,18.188,-11.0732
11.2248,5.35332,7.14995,20.311,-19.6731,13.9401,3.05579,3.89233,19.3513,2.81729
6.02524,9.44436,11.6652,3.71745,-6.35778,11.6446,33.0213,8.55625,13.0811,10.3857
16.8604,8.74107,1.85822,-5.50492,-1.24199,-0.820861,38.8733,3.16285,-6.79971,9.80353
20.6047,-5.87319,1.3149,-1.56309,1.55324,3.38848,37.8048,-1.73037,5.93942,9.73303
-3.3927,-9.37585,8.8612,11.6123,5.66163,15.7895,33.0555,-5.55122,9.61591,19.214
-18.5795,9.41725,17.8098,24.4592,20.6524,0.699455,-6.88177,-11.2489,4.83095,15.6062
-1.7589,-0.143743,32.8033,-15.9413,-13.6169,-0.826863,0.771642,-7.96683,-10.0116,15.9285
15.6242,20.2377,23.7945,3.50791,20.4107,5.46199,-4.1209,-4.27582,-11.9362,0.645681
-2.82527,35.8148,1.73768,-1.49141,20.4009,-0.364746,-2.80317,3.98337,-7.95436,-4.62197
2.13953,33.3081,5.01794,-5.93972,23.1385,6.37513,-2.31807,8.05373,-2.80471,4.4885
17.208,8.78437,-25.6114,-2.29905,20.939,3.84674,-6.61056,11.5719,12.5189,9.05722
-7.08874,-9.7684,-2.0977,-23.2776,-12.1643,2.51961,0.758913,7.96109,26.6118,0.314356
18.503,8.56412,8.90562,-15.1873,11.6023,-1.03456,-0.141816,10.4685,19.2734,-6.09776
13.4466,-4.8875,-11.5884,-10.7711,-2.4754,12.8633,8.0851,14.2855,21.7651,9.38446
6.83053,-6.57348,5.33849,-7.20585,-6.27127,-5.93402,19.83,25.1781,-12.2186,2.3154
20.9575,-4.3835,16.3725,2.30023,2.64146,-4.71025,8.03707,15.4877,-10.3655,14.5752
29.4069,7.5258,12.156,1.06661,-2.76905,-1.33193,6.07741,16.7222,3.49027,13.9231
4.88185,-6.60712,12.1504,3.98953,-0.216027,1.20801,8.5831,28.2391,25.6912,9.46993
8.17745,7.46005,13.6135,4.08028,-3.24624,2.70725,18.3522,19.2631,-28.2453,7.38211
-4.79542,19.963,1.73716,-2.24496,-0.395554,1.94119,19.4349,-19.3234,10.0802,-19.5049
2.28995,19.8278,0.218483,-3.72444,2.41771,7.55303,22.4582,17.6583,8.35927,-17.5205
-17.494,2.32902,12.4125,-3.17373,3.31072,16.8403,15.0213,-20.1767,8.36784,-6.42179
-12.6828,-8.4684,4.11791,9.71564,8.62365,12.4545,-21.5397,-13.6266,5.70785,4.74698
-6.31496,2.68452,-0.443107,11.4599,6.74736,-17.5326,-11.4179,-6.87898,-10.7788,9.34088
7.9939,6.93481,6.7094,9.37526,-12.0032,-9.84942,-1.30871,-4.69917,-12.6172,1.31974
3.46363,15.7035,3.89816,-3.23809,-11.2364,-0.120057,-1.16166,0.384794,-8.04575,-4.94315
-0.675959,17.9295,0.00442189,-2.6915,-6.664,-0.447607,1.95304,3.1866,-4.79784,-0.441985
5.78179,18.5981,-1.65186,1.73099,-2.97245,1.1067,5.03876,5.07622,-1.92382,3.45193
15.8125,10.0194,-5.67453,9.77457,4.60583,3.96119,8.76062,5.95619,0.392247,6.12222
15.7475,-9.06491,-1.9429,8.10056,16.4867,5.90935,8.15675,5.4105,3.03742,10.4443
-3.99551,-12.1574,-2.94142,11.1848,22.4087,0.680732,4.58382,8.44598,9.83115,11.3266
-6.209,-1.03904,-6.75861,-5.35056,23.7244,10.9309,5.39411,15.2339,6.06395,-6.55309
-2.43664,1.73116,-3.32108,-8.55221,1.89265,29.0804,8.02813,8.15226,-4.62298,-3.44146
0.165135,4.89499,-1.12217,-3.0646,-11.0328,18.5706,8.83195,-18.6401,7.76892,3.44805
5.03009,5.76217,0.954614,0.525935,-8.42525,15.0409,-0.697054,-16.6909,-3.33896,15.9886
14.9558,3.90697,1.05683,2.65271,-2.06047,19.3315,-4.52283,-1.12861,-12.0846,-4.68498
1.88403,13.2318,1.12961,5.46442,8.96251,19.2192,0.394496,5.78484,-10.4645,-6.39563
2.06216,15.2426,13.4818,8.5548,15.7872,8.21821,-3.66838,12.7612,-4.22536,4.2069
13.7986,23.9466,10.7264,1.0089,9.76264,0.161053,-0.27791,15.1301,9.73796,6.32034
15.7473,2.78478,-13.9091,1.78749,13.5575,3.88187,3.95994,19.6628,21.8616,9.0555
15.5606,-4.11535,-1.07229,-8.59272,4.28518,20.9555,22.3198,19.5396,-1.3753,-6.33914
13.8307,4.68308,-2.77057,-4.45339,-6.68006,18.4614,6.79154,-22.8748,16.1737,13.5618
13.9305,-10.6784,5.35697,0.178863,-6.41458,21.0011,-7.64213,-4.58517,-20.9033,8.34804
7.17496,10.9561,10.9674,0.57802,-0.683661,23.0344,6.2754,-4.3748,-16.1183,-11.9212
-12.0458,-1.63316,13.5573,-5.98931,-1.68957,23.9528,-4.07986,-1.78526,-2.96283,-10.5596
-2.88629,-13.4873,8.04582,6.70402,1.75732,24.51,4.69848,-1.15364,-0.462601,-4.51899
3.85169,-9.17887,-1.23903,14.2024,21.8264,1.59541,-11.693,4.24503,4.22164,-0.895562
4.77742,-7.20673,-3.27099,8.97012,10.6053,-18.6443,9.9244,10.2024,6.78371,3.29344
5.42427,-5.45256,-1.88407,8.12747,2.15312,-15.3343,-7.17542,19.5596,7.3649,-0.482421
7.46486,-2.50457,1.03874,10.0074,-4.81969,-6.59573,-12.7407,-10.6077,12.0112,8.58659
7.17055,-4.335,1.92964,12.0943,-2.324,6.02,-8.47897,-6.19718,-11.0586,10.1877
12.6095,-3.63686,3.35928,15.9799,6.08078,3.79858,-4.79453,8.23904,-5.50264,3.92289
13.3954,-1.06567,5.27161,20.3128,0.132742,-1.95884,-1.72494,10.8606,6.01137,6.80966
6.18957,0.802897,7.90005,19.1134,-4.40381,7.85455,5.96031,13.7145,16.3014,6.5586
6.26436,8.7299,14.4171,13.4202,-1.59573,11.1861,25.7118,9.65333,-3.56628,-0.121423
10.3678,19.9485,6.79899,-6.94407,-0.333214,10.2303,21.5452,-12.0239,13.5761,9.19679
-4.47922,3.47402,-6.89202,-0.504826,-2.34605,8.23306,20.1649,3.38447,16.5247,29.4254
-7.17646,17.0686,12.3291,-1.74156,1.78272,11.0782,32.6689,13.9318,-2.15017,3.05725
5.11215,16.2981,2.05276,-12.1373,-2.17128,20.4189,7.81358,-24.5506,10.1312,17.0827
20.9202,-3.35493,-2.97703,-1.47797,-13.8921,21.0842,-3.51872,-5.95666,-17.3112,-10.9467
-5.70711,8.05634,1.92653,4.48026,-5.72738,19.5904,5.96059,-12.5412,7.05146,-21.0617
5.3541,9.71524,6.56718,3.43296,3.89448,19.9294,-12.0611,-8.96762,18.5125,6.12534
5.9983,8.13006,7.78938,4.52023,8.83007,5.46326,-23.1633,-0.365875,8.91936,19.3589
15.4493,0.228895,9.75704,9.03342,2.46248,-9.38694,-12.4229,-8.28199,-10.4584,19.9513
16.5847,17.8477,5.79754,3.81277,-7.74569,0.942783,-6.72897,2.41389,-13.1965,-11.208
-8.22556,20.1926,10.7362,-6.41051,-3.60185,6.04582,2.93377,9.08438,-12.3153,2.41769
17.3667,11.3318,-13.8742,-6.96935,-4.83937,5.61905,10.068,1.40891,-7.16449,8.08739
20.4319,-14.0379,1.22527,-0.149883,-3.15919,1.90359,13.36,-4.56837,-1.05627,1.0091
18.6166,2.75654,14.6609,4.61597,-3.22844,2.29008,15.1537,0.103363,4.9762,9.79973
15.6237,0.470616,10.5323,-0.354784,-1.43338,1.0751,18.1315,10.6176,8.03372,19.6218
-0.309374,-1.59606,13.358,4.89343,-0.0496647,3.84078,23.7914,24.1243,3.75747,12.1151
13.2628,1.29904,14.99,5.68701,-2.69386,3.82302,30.502,-5.42582,-9.53015,14.5971
16.7906,3.52045,10.0335,-0.910922,-2.11796,-1.41787,29.7032,0.481269,9.91863,21.0261
-0.14189,-2.15661,12.1726,3.84815,0.281272,1.09337,29.0865,26.1577,0.0473567,18.9703
14.3641,-4.89077,14.3554,8.11852,-2.57712,2.06885,32.2606,-0.934605,-9.02154,23.1841
11.7725,-3.37546,19.4102,4.04917,-15.9331,-15.0716,28.1522,5.76597,2.1906,18.322
-3.50665,1.64331,21.4613,-5.45812,9.07796,-22.2999,-12.8413,-6.74027,22.9843,12.4963
-18.5958,-10.3324,16.9439,12.0642,-10.5998,-16.4618,6.3199,17.283,13.6028,-2.75656
16.8679,-10.4951,-2.4667,13.6792,-9.25126,13.886,4.85962,16.1337,-1.02132,-15.9841
-1.38968,10.4258,5.9538,15.7558,15.4942,14.2001,4.20308,-11.0981,-1.82141,-19.9278
1.78881,4.99776,22.1122,18.1711,-9.61792,-0.900076,-0.761101,-8.897,14.1545,-9.00235
5.2952,14.796,8.29988,-22.9298,-0.334315,-0.143253,3.79483,-2.21828,16.6419,11.7317
-1.0837,10.4649,-14.7311,-6.52764,-8.98282,-0.841311,7.40718,10.0882,21.3389,13.1709
-2.63137,14.2235,1.62903,13.6637,-2.41316,0.852735,7.25546,23.6107,0.577058,-15.2697
6.70309,8.45143,18.1488,-0.994412,-4.81169,2.11659,14.4101,6.46711,-16.3274,16.54
22.7235,13.2016,-9.90801,-5.5478,0.723173,3.83837,15.5804,-11.6111,-3.57762,-7.12342
11.7769,-17.0361,-9.99586,-3.12997,4.34174,8.82692,10.4505,-5.81385,12.113,16.556
-22.1155,8.2713,-2.60832,-5.23123,-2.49736,12.7699,7.59416,-2.27565,10.9614,10.5975
-15.2002,-0.206786,13.6373,-8.79456,-0.987214,11.3026,11.9583,1.288,12.9956,-8.47489
10.0182,-1.04273,15.5306,5.73562,2.72938,14.9298,15.4047,1.6914,8.35729,-10.3307
14.0321,19.8767,6.17245,0.120568,6.56069,20.0728,6.04897,-3.80039,12.1874,7.50517
3.25585,-7.50072,-3.44666,0.378461,10.7801,17.3001,-11.1831,2.37386,12.0821,27.4184
-19.6971,10.7587,10.443,1.26612,12.5864,2.46323,-16.3132,-5.92417,19.1694,0.10606
-12.4794,-9.75996,6.69812,16.6234,-2.66322,-8.32703,1.16564,-19.3115,11.2584,1.95686
-15.0112,3.81002,-3.76783,19.2818,-0.0212801,0.607191,7.62418,-6.1225,14.126,3.22481
-4.64854,-1.47294,9.63488,19.4694,-3.23602,3.56403,10.5088,8.27279,12.3266,-12.3588
0.214347,3.52141,11.5888,15.7632,-6.21241,7.5358,20.1833,0.615003,-7.30032,-10.7886
1.52556,4.70379,17.0557,0.567233,-9.10414,-0.0974109,22.3179,-0.73976,12.7383,-4.59536
3.35345,12.5899,8.51204,-11.4652,7.86275,-0.160147,16.9582,16.2634,-12.4977,0.882172
9.61619,11.4975,-11.2293,-4.94015,-0.243967,18.4434,5.05098,-16.2918,-6.54009,-7.25683
3.76743,10.7978,-9.55705,7.98987,12.4239,12.3628,-17.2265,-0.98361,0.825922,-5.38178
4.11909,12.5475,-0.722412,8.19647,13.7713,-19.1487,-0.877935,-5.00388,4.75267,-0.31743
8.82768,14.9773,5.57197,7.35794,-2.01961,-15.4778,4.39034,16.0748,4.43838,3.52806
12.5933,15.3548,-1.97609,4.77532,-4.8502,-5.5263,-12.3514,3.30872,17.9454,6.63295
3.7009,0.297763,-1.42312,10.2568,0.6106,2.48057,-9.14198,-8.65549,1.91024,27.3488
8.42578,-13.0395,0.366606,12.4647,5.24668,-1.31867,-6.20957,0.824141,-7.89458,21.6669
-10.6157,-4.63152,-10.6868,6.23707,8.14495,-6.42328,-1.23159,4.02441,3.1967,21.3536
-4.69643,18.48,7.58766,5.73355,8.79119,-5.93691,4.04068,9.90932,13.8254,9.57382
-2.16957,17.4614,14.9567,-4.98206,10.426,0.576387,4.92417,18.8085,7.22049,-9.65876
-7.13674,6.03619,18.3752,1.67935,15.5292,18.5145,7.47183,8.69284,-11.4735,5.08852
9.9658,10.4579,26.8568,18.5065,4.36737,6.40994,-2.1618,7.68246,-1.94307,12.2309
27.8693,6.24083,-7.66877,-9.12761,-3.5266,6.89728,8.79103,10.5809,11.4708,21.2162
-12.1054,-11.8343,-0.55205,-4.1803,-3.66557,0.146906,17.7692,31.7021,5.60054,-8.23787
7.19293,-8.6898,0.581365,-1.7995,-0.139118,-0.370903,17.8923,6.86463,-15.6853,27.8043
5.03254,-17.7508,8.65204,12.9095,0.460672,3.70319,17.751,-15.386,-9.84221,13.6969
-3.81021,-12.6818,-10.9183,11.5345,12.3515,5.00866,7.59983,-21.518,2.12391,9.93684
-0.838683,2.74663,-11.3777,-9.50405,10.8742,8.74685,-10.0607,-11.989,-13.5689,7.25128
8.86729,-1.82295,-9.21758,-6.59528,-4.10015,10.2344,-4.44655,15.179,-4.75567,6.79744
6.38189,-8.20348,1.78735,-2.37622,-6.05998,5.26445,16.9054,12.092,-0.0212528,9.04788
3.85725,-6.69403,7.90817,2.89054,-2.96382,-0.0712866,21.0387,5.59462,-4.4254,12.6032
4.93103,-4.64311,9.70114,7.42938,-5.15502,-1.961,21.4696,1.90776,-3.32134,13.7935
5.81545,-3.16706,11.2706,5.23286,-12.0957,-8.81994,15.4108,9.45024,-1.73899,15.6318
-2.28174,-1.03862,13.9379,-3.85476,-9.18844,-8.14995,-8.1076,12.5835,17.8853,9.34196
-2.65704,-2.26192,15.7288,-0.965409,2.75261,-3.36464,-6.96331,-9.2912,21.4389,3.31737
-14.1842,-2.52426,14.3147,8.62293,-1.71669,-1.05053,-0.198728,-11.3102,8.20269,12.4639
-15.9978,-0.45721,12.2948,6.49471,-6.95962,5.33543,2.77868,-7.25054,1.25154,12.1378
-10.1781,1.70414,15.4757,-0.304405,-5.13453,7.58692,5.64889,-6.23248,-1.0994,13.9365
1.06457,4.10863,17.2292,-5.11457,1.22517,8.34768,4.60174,-7.89417,-3.97078,15.2092
17.6896,10.0183,9.01474,-3.99485,6.47458,12.4999,-4.27519,-4.09911,-8.27405,5.43789
20.0921,6.8326,-11.8103,0.332486,5.97125,12.5598,-3.77723,9.77177,-3.29608,-2.08864
20.8973,-7.48979,-2.89702,-4.00567,5.82849,15.8641,5.90801,10.8575,-2.17428,-0.534112
21.6283,7.59408,5.21783,1.44589,6.24021,21.9646,4.48165,-3.59067,-1.68161,-2.21974
21.7525,5.00458,-9.57064,2.91119,14.9438,13.5675,-12.1266,8.09659,3.89887,2.14329
1.89166,-13.2042,4.40124,-0.898686,16.6116,-0.840606,-11.2726,1.20884,21.2582,14.7268
-20.6431,1.87411,0.256891,6.16862,14.573,-9.12746,7.66487,-2.86026,17.126,0.887408
-1.85864,-6.86445,-0.959102,10.411,12.2003,-0.921877,13.1744,15.6796,-7.83312,-16.3989
-2.62908,-3.60685,-4.00032,6.3976,19.0762,8.17486,9.34619,-7.67568,-16.5363,0.0535877
-2.1514,-0.083972,-1.43114,2.18318,24.0108,-0.888886,-6.65249,-3.46392,-10.1387,-4.26659
-0.601489,2.73944,2.39521,5.73814,23.1248,-3.77533,8.02948,0.759699,-6.17759,0.0205984
3.81985,6.06695,9.31724,16.6436,17.2644,-0.461182,11.6434,0.0377323,-2.68352,2.80192
11.1362,17.1592,19.6041,5.55406,-7.66329,-1.4222,13.9218,3.52737,-0.605033,4.92293
24.1182,3.9098,-17.3823,0.76156,-2.09401,-5.43572,11.3193,10.419,-1.92807,6.46333
17.9055,-16.4063,14.6596,5.95018,0.710392,-1.83199,8.73547,14.0519,-2.23013,6.97431
15.7688,3.01232,19.0989,5.02951,-15.1097,1.60138,12.8219,13.7459,-1.48322,9.39151
25.6947,3.16753,-2.19631,-11.6853,-0.00104392,-9.28973,2.51608,18.6716,3.80652,11.5687
1.73482,-8.20914,12.616,2.28365,9.61322,-3.82955,-2.63496,15.5889,28.8331,2.94764
18.5238,14.0631,11.6889,8.77533,-4.58494,-3.04734,-3.41311,9.22973,26.3437,-0.567326
-3.72274,10.7264,1.0901,3.33996,-2.99842,3.07953,0.215946,5.70165,35.6146,17.0724
9.81011,16.6815,7.83147,-2.87655,0.482118,5.99984,8.64391,17.3539,17.8429,-24.5307
-22.6646,5.62715,13.3605,-6.61369,2.57521,11.143,16.9658,-7.79778,-17.6458,3.93357
-8.69788,-4.36891,15.5525,4.16807,6.02222,14.7754,-12.8919,-10.8471,-18.9013,3.28818
-2.96741,-2.9999,9.83268,19.3006,2.67069,3.09961,-8.48395,18.3582,9.89972,13.8762
7.2922,0.222661,6.97324,21.9059,-1.36859,7.59616,2.59374,15.1145,13.9773,-15.6807
-5.55101,15.893,22.2032,4.85014,-2.31919,10.0359,16.6212,2.52201,-12.7444,-8.89606
-7.56241,-8.86111,24.8433,4.9457,5.20111,13.82,4.67025,-15.5727,7.58704,-2.1833
-7.82475,-10.4061,-4.64441,25.4469,10.5141,3.93307,-11.2775,-8.91275,2.31984,5.67212
-4.11262,5.29236,-8.66383,9.36113,13.6796,-15.4083,16.714,-0.613346,-1.09793,8.25599
9.52556,6.08495,0.320529,9.81598,13.2431,3.64526,22.2621,7.33419,-6.29183,12.1695
17.9432,-1.93652,3.26322,15.3094,24.9131,6.7501,-0.48792,-9.97351,-3.35841,5.6731
19.9761,5.37868,6.5189,22.782,-3.21848,-14.4053,14.6825,2.71172,-0.482643,2.01791
24.6037,13.7057,0.776903,9.22698,-20.3852,3.07098,5.46201,10.8715,-0.234902,3.7757
27.9131,-6.311,-2.81413,16.6613,-2.91006,7.07423,19.0014,3.54439,-3.09138,4.28271
26.0352,-3.99013,6.89567,22.0751,9.77863,8.08146,13.2162,-8.14234,4.67239,7.48225
3.35753,-14.6533,-2.40434,31.7425,3.71164,-1.33794,10.4655,-1.96377,5.18565,22.1495
-9.94577,17.4871,-1.75949,15.1809,20.8823,-5.56309,16.664,17.1404,8.46198,11.7618
9.70313,21.32,24.8165,-1.1467,2.77696,1.07366,16.7864,22.1813,-7.83531,11.8817
35.2789,-8.87823,-8.74163,-7.64421,-2.46346,12.957,19.1424,-10.4363,-6.3705,-3.85232
21.5868,-12.4065,14.6986,-3.25454,-2.64904,6.86049,11.5606,-11.8716,7.88446,28.7753
-4.4483,-4.40883,8.45459,15.0735,-3.84008,9.31072,6.63265,-16.3366,-16.7072,29.9093
-4.3461,4.10144,10.6739,18.0335,3.9005,9.946,-8.55321,-7.786,-17.8899,-23.1331
-12.9658,-8.79637,-14.0361,17.1856,12.6839,-1.62944,-6.14617,11.85,-10.2898,3.8868
-3.59207,13.8061,-7.26593,1.96459,18.7743,-11.759,2.58481,13.7833,8.26776,8.09208
-0.33713,16.5382,2.48263,4.17015,18.3721,-3.57588,6.10327,23.0301,2.30503,-4.59362
7.26087,18.4485,13.4497,6.51787,14.7783,2.34558,8.36285,20.3284,-7.23857,9.5043
30.4534,2.1539,-4.63138,5.29555,17.3688,11.9903,10.9193,11.2799,-1.16233,11.6905
11.8365,-16.1582,9.82843,27.0297,19.8519,-1.32782,-1.77998,7.24248,8.33169,16.317
-12.3788,2.55017,-18.8758,21.0234,5.85636,-19.3823,-1.5226,8.32643,18.5575,-4.63347
4.96831,8.20351,0.42623,24.8097,-12.4798,-9.15643,-8.41492,-1.66227,15.2069,-14.8698
10.5238,19.7813,11.7435,3.06701,-7.51646,21.3508,1.92739,-3.28259,16.0389,9.34517
3.21306,1.47915,-3.01877,-0.408166,-7.0002,16.2572,12.8123,-2.38119,14.3771,31.7183
-4.6675,20.8732,9.24805,-2.20636,-2.52088,11.0532,19.7637,2.9889,14.8744,23.5102
10.4,15.0382,-8.77908,-4.79176,-4.25013,5.88112,31.3866,16.9286,8.69121,15.4656
15.6715,-17.9478,-2.2966,1.41995,0.278436,1.29534,34.9533,-1.74058,-10.4973,12.3036
-4.87163,-16.1324,3.26434,15.8911,2.32093,7.43258,29.7992,-4.92921,14.4929,15.1992
-15.8492,4.60478,-4.48541,6.87312,28.1009,24.568,8.69975,0.532801,12.0673,-6.24875
1.46476,0.362469,2.21498,9.4804,28.7664,-21.3444,6.28882,-5.52885,15.4194,-10.5651
5.74291,9.94646,9.16471,15.5993,7.82238,-6.05918,18.4808,19.3379,-23.6164,2.79528
-0.244019,24.6554,7.47141,2.59731,-4.90871,-4.04813,18.2307,-12.8467,-13.843,-17.4823
-2.15197,-7.73506,16.9186,-0.438431,7.39903,2.35241,22.4783,9.0493,4.90099,-21.1077
3.08574,2.88663,17.5505,16.093,3.09762,12.0366,16.7291,-10.6307,7.29772,-15.858
8.29736,19.2762,17.4453,-4.97939,-0.202995,13.6622,9.62877,-1.66714,21.6225,12.3942
-0.232216,14.3314,-6.77992,-6.47718,-7.37096,9.36085,20.6412,14.2838,24.2587,14.8322
10.1573,15.1414,-0.943131,7.3065,-4.7986,-3.91621,25.7406,12.6388,-23.0152,12.1187
8.28412,16.4161,-3.29129,15.1086,-2.66653,-5.70765,27.7142,-8.38693,5.5713,-15.3934
-6.76237,19.0369,17.2347,-5.31585,-9.00779,-12.0536,16.4761,14.0755,-16.4503,-1.89713
25.4568,4.26024,-11.1066,-15.2614,9.74207,8.07613,9.79737,6.35209,-13.3871,8.44094
22.481,11.6357,-3.0004,-13.6454,-7.69993,5.33219,10.9345,-10.0084,0.177892,-13.7494
16.6064,-9.03678,-17.6532,10.2311,-0.103762,-1.14947,12.3485,4.47887,12.3065,9.42085
-5.72913,-14.6205,-6.5268,-9.51986,1.59728,7.46457,17.9398,18.2564,5.73855,1.66921
-2.97622,-7.62898,2.36566,-7.82981,-3.01414,2.73808,26.5654,-6.5024,-5.96487,7.05083
-6.11676,-2.5844,6.28973,-1.9871,1.57537,3.24809,26.2721,0.209121,8.73559,9.1039
-7.34506,0.112133,8.23424,4.28591,5.02268,14.2095,26.2625,-1.34046,4.9819,4.75012
-9.14605,0.733201,11.4745,15.6974,15.3243,15.8225,-5.83979,-9.80315,10.7112,8.7551
-7.90965,0.197231,15.3113,22.4622,-12.6984,2.21397,-6.5445,-8.45958,-3.06681,10.4704
2.59617,1.91035,17.1801,0.803557,-11.1708,19.913,9.12077,-9.68202,-5.53836,10.7403
12.1596,10.1871,7.621,-16.7689,-5.85536,8.45342,3.05634,-18.1078,-3.02918,4.43949
16.5878,1.59665,-12.0982,-4.02041,-11.8304,-0.0583269,2.14102,-14.37,-0.275863,0.999719
13.9091,-12.2676,0.418089,3.54263,-7.30365,0.929925,4.90286,-9.23369,2.59297,8.01407
-0.944219,-12.1387,4.1961,9.67839,-4.90619,4.00119,7.44086,-5.2981,2.29144,13.8488
-8.66877,2.59713,-1.95492,11.8621,5.83657,6.64343,7.32477,-4.31031,2.42482,14.9972
4.12246,9.93519,12.9586,13.6363,7.48748,2.58671,3.82187,-2.3713,1.70825,16.7576
19.5291,7.04573,12.6814,4.06778,-1.5627,3.78439,6.08375,0.871928,4.19298,21.7042
-4.79554,-6.14262,12.7826,8.31036,-1.45372,6.30317,10.8277,6.2147,12.4719,27.2737
-17.5714,-9.13005,7.89505,11.5348,-2.1604,7.39792,22.9628,16.3296,0.985837,-6.82267
-11.6727,0.462603,-10.3296,6.76248,15.3282,15.5894,13.643,-18.5255,1.20248,5.10755
0.170211,12.2261,0.842035,3.23391,21.9557,-8.28172,-14.3918,-4.88856,-11.8337,6.23255
9.74873,14.5006,2.13342,7.23486,15.0178,-9.11578,18.1101,0.550378,-9.26065,-0.575737
6.3567,20.3841,4.6994,8.6636,15.7932,10.4734,15.232,-9.40704,1.6272,-3.02662
14.5613,24.3755,6.79181,7.23173,18.3883,0.749042,-6.17822,-7.9782,3.78413,10.0847
28.0165,-11.5299,-2.79527,4.253,17.5527,-5.96523,10.5658,-3.10623,-0.952073,11.9026
6.74252,-17.4331,3.71958,28.4774,4.83083,-1.82177,14.8306,2.9837,2.56649,14.5176
-10.336,3.92793,-20.6221,-0.390802,20.3178,4.83845,16.8992,13.4595,3.1215,11.6434
5.57453,15.5125,-16.848,1.587,10.891,28.5997,0.524414,-0.813716,3.74876,11.7936
-0.159962,-3.57807,-14.0836,-10.2916,8.68253,16.3572,-14.0156,10.5689,23.3281,10.9651
7.81868,2.19132,-9.50231,-2.0346,-11.9597,14.0783,7.9507,7.49869,27.8024,-7.89113
16.6838,0.997136,-7.02442,9.01787,-0.931161,5.60815,28.7736,11.9501,-9.18009,-4.15137
14.3317,5.09713,-4.55963,8.95537,16.8435,15.6615,8.53366,-16.8441,16.9636,3.98224
7.8653,-8.29729,-1.08745,4.32179,23.9977,-10.6625,-1.60041,-11.4456,-13.3811,17.7419
12.7417,-5.43075,4.9518,14.4321,20.3612,3.6373,16.7839,-14.5496,1.74519,-2.23872
4.00246,-2.95465,5.37013,26.8567,9.43749,-5.49193,14.9456,1.64742,11.8563,16.9436
-6.3979,0.808458,5.76309,26.8123,-10.2649,2.29231,12.8196,24.7269,4.54891,-1.23467
5.00971,2.26525,10.7182,18.8034,-9.47894,6.63559,27.8139,-11.1249,-11.8007,8.23885
4.32333,7.3229,13.278,-1.6299,-13.6291,-10.9317,23.9473,6.70568,15.2366,17.9003
5.08246,11.097,6.25753,-9.53717,12.919,-16.1449,-12.3556,14.322,20.7675,-12.9368
11.7983,13.5549,-17.8171,-8.01601,19.5625,0.380998,6.39483,7.10341,20.2118,1.55996
8.16826,-8.22232,-15.3428,-10.4194,-12.7959,7.06776,19.4933,16.4571,13.0002,1.60086
8.64847,-10.8877,3.96025,-3.67807,-8.73764,-13.9691,-9.44822,24.6767,-0.267315,7.64272
-2.67167,-6.32482,10.8602,2.77672,-3.64884,-1.62322,-17.9187,-14.6759,13.0903,11.2331
3.59634,-1.36081,9.99461,5.98363,-2.65444,8.35597,-14.0186,3.86229,-13.5508,12.0866
5.45185,0.0800137,12.3091,7.94665,0.635188,12.2209,5.39548,15.6125,12.0537,12.1849
2.89166,5.35239,16.0728,9.80623,3.40963,15.8231,24.5281,7.91649,0.818158,2.29348
9.16623,14.239,18.999,4.611,7.10014,21.2112,-1.55571,-15.4758,5.39411,12.7901
29.0935,4.26514,-3.63241,0.687844,10.1043,9.03866,-17.0001,11.8153,6.20505,12.5331
-24.0353,-3.31498,-1.39637,6.31969,11.3087,-7.20729,-9.65714,-10.1384,19.8554,14.4375
-23.1135,-6.45822,12.9969,10.4942,0.609274,-8.59839,10.5744,-1.25621,16.144,-6.6006
14.978,-9.22474,-4.69299,12.407,-2.99095,-2.82862,6.06648,14.7456,-5.85901,-17.2126
-1.35365,4.12802,1.17385,13.9325,2.18304,0.792661,7.19801,6.30161,-24.0835,-4.57858
1.31759,6.97788,11.1016,13.0288,-1.17262,2.67721,8.97758,-9.44198,-17.1474,-3.3729
-3.03295,4.41793,19.0947,-1.1185,-4.30895,4.70957,7.32565,-13.2133,7.16498,-5.64216
-1.31958,5.04976,18.8539,-4.95274,5.13519,7.76838,5.27065,-4.33657,14.8102,7.10148
-5.99601,3.74117,21.224,4.03138,8.77356,11.8839,-1.95466,0.0942152,15.9871,6.46137
-4.40338,-5.72534,19.6085,18.1062,-3.17259,9.31582,-2.03229,0.902074,18.0503,-2.57145
5.95421,-0.540399,12.3815,20.4816,0.402709,17.9978,10.5067,4.36745,17.2309,-1.63662
7.76669,12.0743,22.0403,20.2002,4.90195,14.6287,12.5045,5.58934,13.9188,4.94905
17.6434,23.9617,0.813315,-13.1482,-0.436,17.0615,20.3072,3.37758,11.5103,14.3529
-12.3622,-6.85197,-10.0607,-2.37515,-8.6295,-2.40212,28.7658,15.9107,12.1253,21.8469
-4.47841,17.1492,7.14664,2.92342,-7.53999,-8.4833,-2.65667,36.5147,8.16272,8.07884
-3.1641,14.7543,5.20283,-10.5894,1.8667,-1.92532,-14.1907,15.4643,8.35769,-29.6113
-10.4489,-12.8224,4.41503,-4.07863,9.65479,-0.811091,-10.3834,17.6308,-9.83453,-17.5459
-5.13858,-12.5644,-2.22495,1.202,12.0061,-8.00122,-10.01,19.964,6.10575,0.799265
9.4953,-6.38946,1.35978,-0.0902686,14.3333,-13.5351,-2.36789,3.29784,13.855,-5.45688
11.5286,1.77493,6.20823,9.00398,9.16444,-9.40404,6.82074,16.0105,12.8578,3.3429
12.995,13.0907,7.42462,8.26041,-3.28859,-6.02809,-4.77191,21.4112,11.5841,-3.58433
11.5615,24.0222,-4.23259,6.80437,-1.97971,2.09641,-5.00569,12.8962,15.762,-5.48795
9.74167,27.1133,3.90702,14.2698,6.24836,0.640005,0.857567,12.4712,14.2499,-3.82285
0.194819,35.0522,5.01092,-2.932,4.63735,2.00645,4.33088,16.5905,4.94893,-7.54918
-8.78681,27.0406,8.03012,-14.577,6.18761,14.4948,11.8515,7.87898,-9.35499,4.98516
14.8385,14.1365,-20.0687,12.5554,-2.14443,14.2641,9.64978,-15.9953,-1.96525,3.50488
17.0398,-14.0032,-5.62906,-10.1276,22.2281,1.64877,-8.90421,-10.3101,-6.41475,-0.556189
14.0375,13.7479,9.71148,8.81822,19.399,-10.0786,-3.36408,-1.07777,-4.71822,-10.3748
-6.34135,21.4116,18.1192,-2.30441,7.75695,-8.6231,10.6785,6.63017,-5.0452,-6.71374
-3.03394,8.40055,23.8389,3.42046,17.4194,13.9052,5.88659,-0.97778,-7.48542,5.68789
10.7299,19.0318,29.7744,1.9925,0.955722,5.76657,-2.72623,3.25313,-3.17517,6.59793
25.9249,-4.50727,-23.0182,-2.65137,-3.20586,10.3228,3.78997,6.07951,4.08181,10.7497
-14.1267,-23.7069,3.38855,1.579,-4.65685,5.01341,15.5881,9.34529,9.01634,11.5193
-17.2547,6.98831,-11.5967,1.59551,-0.636786,3.78457,22.3924,8.68999,-5.44203,5.3498
8.60161,17.6629,5.6884,4.1638,5.70673,11.1585,17.729,-13.6412,-0.174599,11.6618
24.9401,-1.39493,-2.39118,4.85051,13.6549,9.29067,-12.1344,-9.87085,-10.6452,4.58355
11.1239,14.9071,-3.26724,6.89586,13.8902,-13.6803,-6.34852,4.36192,-9.23759,-14.4794
-11.6673,9.92509,16.2319,5.06902,0.928119,-16.3522,2.03778,7.39498,-10.2315,-1.11376
-2.34488,2.9734,21.947,-1.21778,2.19735,-11.4721,-5.81073,7.20171,1.25858,11.0434
-2.26448,4.00329,24.0248,2.34993,2.8156,-9.34125,-2.7052,1.93781,10.8216,9.73939
-6.20813,-0.437154,25.8805,1.94734,0.253505,-5.31851,0.130257,2.85069,14.3996,4.48643
0.852354,-7.63386,21.6205,7.59232,-10.3744,0.499707,1.33792,6.68318,14.8226,-5.78616
9.77092,13.9442,15.1099,-14.3739,-4.037,-1.49573,7.70199,13.5365,5.56728,-5.37866
6.10345,16.3809,-18.27,-1.07296,-2.86529,2.53979,11.3393,12.4522,-8.66935,-0.0602217
11.3121,3.12604,-13.4776,9.00754,18.3806,6.00572,11.5269,-3.28681,-9.67968,-1.22633
11.5102,-0.881612,-8.51964,-10.6817,15.1189,13.3626,-11.971,-0.498967,-2.25592,-6.31785
14.0233,0.78069,-4.20806,-9.68315,-4.77809,13.9858,-0.512271,15.4615,4.69946,-3.00175
15.8974,0.872944,-2.43108,-2.64218,-9.00834,0.0943827,19.6672,6.33041,-7.21017,-1.11749
11.6672,6.76211,-3.08568,3.05499,-5.47853,-9.20065,15.7124,2.43203,-10.2721,-8.01011
-2.83709,11.5717,3.19386,7.67955,-6.46898,-8.50844,10.4614,2.96459,-11.969,-5.3999
0.400105,11.0405,11.2672,-5.52122,-5.20494,-8.23451,4.62086,3.45647,-9.66724,4.31726
13.7865,10.3767,-4.69082,-7.6379,6.69153,-1.08412,5.55258,5.58797,-4.8732,5.69319
17.888,-7.35499,-2.88516,-6.37645,2.25538,7.83409,8.08647,3.24403,-2.21115,4.40107
17.1049,-0.330972,12.4222,2.21866,3.53895,13.0504,7.38184,-3.6017,0.962518,6.20076
21.2468,5.48812,8.67942,6.28644,7.47583,13.3179,-3.01152,-2.88476,1.35241,12.5385
16.5252,-6.76857,9.70929,16.5548,8.47496,0.193304,-6.63002,2.82799,6.77266,19.7828
-16.9218,2.68427,-0.227969,23.7753,-0.741014,1.71885,-2.79386,0.67044,12.9086,16.0281
-13.3627,-7.73524,17.2868,14.1319,-10.9791,11.506,5.10765,3.07066,14.8777,-7.35757
13.3882,-4.36072,4.10764,18.1299,3.0997,15.3802,20.258,0.674645,8.43799,-7.49337
13.1726,3.18979,8.30206,26.2132,18.5169,1.58583,4.2804,-0.874126,12.2783,13.7801
-6.19067,2.35148,14.3788,21.1485,-19.302,6.20179,7.70595,12.8242,20.0888,10.3096
-3.38185,-4.00573,17.0902,-7.03916,-15.3038,-16.2377,11.8611,20.1381,-16.6594,2.77785
-4.43466,-1.09,20.2693,3.16476,8.50693,-19.8312,-11.9178,1.58336,16.3424,13.1837
-17.9312,-6.43496,15.0283,5.17683,-15.1645,-12.2016,-2.21193,-7.94263,9.02372,8.8786
-21.12,-4.95259,0.767177,1.86774,-14.1158,0.543964,-2.6864,-7.65499,4.25104,3.72729
-17.1536,2.65446,3.5804,4.23984,-8.34608,7.37464,3.05326,-3.96446,5.18651,1.31918
-11.2437,-4.12096,6.41131,4.12716,-3.46669,9.04155,8.33683,-0.982507,9.37419,-3.74379
1.81975,-5.22485,2.76443,8.70476,3.7704,11.0259,11.8406,2.46918,9.88017,-5.68656
8.2865,1.94048,4.75759,14.8065,15.6039,10.3402,5.71779,2.95074,9.16212,0.674961
8.53619,7.61839,12.3497,22.0731,2.44196,-6.76043,4.7281,9.52612,11.5138,6.76182
9.92534,18.373,9.56909,-10.4757,-10.5992,-1.9775,3.72004,17.3445,16.0929,2.64396
11.8406,13.6075,-16.8815,9.05867,-3.33866,-3.03938,-4.3595,18.0988,14.2358,-6.24318
15.9097,6.72617,-10.0974,16.8451,11.9908,-13.1673,-3.25511,12.8834,12.2017,-4.72858
14.3705,-5.4509,-6.29564,14.7687,-1.28834,-19.9581,-5.63902,4.41988,17.0606,8.79071
-13.8654,5.44831,-8.91655,16.6081,-3.64926,-3.90676,-4.56966,-9.74625,8.24611,16.9934
13.7551,16.905,14.7536,1.09884,-7.05395,4.42466,-0.252611,-6.39356,-5.45796,15.9059
30.5108,-2.59708,-5.91749,-0.495369,-4.50047,5.01843,2.87107,-4.19352,-5.08421,-0.447406
29.7364,6.44371,-3.72925,3.22686,-0.214461,6.75921,4.91742,-3.85521,1.48163,-3.32532
24.9248,-13.0875,3.57108,5.23691,8.40533,8.97328,2.08314,-1.98307,4.99982,11.5629
-8.50422,-13.4138,-4.17593,23.0519,7.78823,-1.1626,0.24696,1.34054,7.44299,18.0081
-14.4901,12.043,10.4415,16.385,5.55975,-12.3548,6.90204,12.4374,10.7819,-0.327641
-3.65236,-10.4,16.4802,3.90753,-15.6293,1.23722,-5.12029,16.3242,1.271,-11.534
3.96493,-2.3028,18.2303,-3.85391,-11.6839,1.54045,10.8897,13.0291,-12.4801,-1.68819
10.8253,10.2961,12.4788,-10.1029,7.98641,1.59493,11.4769,1.19574,-14.2918,1.53192
2.03498,17.533,-8.87955,-3.6917,3.16292,16.9065,-1.98803,-8.5016,-3.33142,-8.42121
-7.45266,17.0927,5.96974,5.62476,9.97285,12.0796,-9.37844,5.71207,1.30667,-4.96828
-6.67298,2.40644,22.0816,8.17925,6.42297,1.68963,-5.92556,10.4314,5.90588,-8.35007
2.74699,0.0612047,21.1673,7.48211,-10.4268,7.6062,2.52812,11.3383,1.32158,-9.8903
-0.219915,8.34327,17.4724,-14.8952,2.34529,2.60006,14.403,2.67119,-9.1939,-3.10842
0.241509,10.1542,6.85417,-12.6758,4.55406,21.5299,-2.27825,-9.56692,-1.26066,-1.34973
3.19711,12.2437,-4.64081,-8.22433,-14.6903,16.8944,7.59216,1.70253,0.933797,1.56588
8.71067,7.87492,-5.0367,11.115,-10.36,-0.537492,18.7353,2.01976,4.65968,6.70875
11.2836,-0.436471,-0.504954,16.2193,-4.50595,-0.389051,18.5933,12.1603,0.103001,10.0542
11.7436,-9.218,0.138916,18.1359,-0.277979,2.17758,20.9089,6.70274,-5.21909,11.7276
4.42233,-16.2285,-7.37864,12.8462,14.3582,7.43996,18.1849,-7.7492,-0.802833,10.2193
-6.62096,-6.31529,-6.74068,-11.3022,12.0469,16.1419,-14.8836,-3.02477,-4.63329,12.7887
-7.31208,6.35099,-2.85346,-8.36083,-7.3085,15.3875,3.05615,14.9473,16.3645,2.25262
-6.43579,6.71758,0.901811,-2.66797,-8.44124,-2.68962,22.8549,8.28384,-11.8998,-3.0299
5.47513,8.43629,3.18897,-2.72583,-1.64242,-10.8344,18.4699,0.24961,-12.4104,6.04903
12.9147,8.16208,-3.90642,0.396921,3.14728,-4.15309,20.6853,-0.813421,-8.50343,-1.4235
11.3578,7.64504,-7.21218,4.74463,8.86264,8.65715,18.687,-6.9249,5.03453,-1.88099
6.29895,-4.07483,-5.19729,0.150107,17.8577,13.7456,-8.0704,-5.25386,7.77603,16.4422
-5.44104,1.47013,-0.764715,-2.17262,18.5736,-5.28725,-12.5355,-2.9075,3.41087,19.1352
8.41441,4.2897,2.03002,2.45057,19.861,-4.1001,8.3689,-1.765,-1.77037,19.7373
5.76324,-8.5304,4.22822,13.4047,20.4022,3.41944,7.16893,-0.29052,0.805934,20.6789
-9.0949,2.40997,-1.81959,16.0175,16.3039,-7.35344,13.4074,9.69325,6.51846,18.749
-5.34389,7.98056,19.7093,12.1281,-5.575,-5.4636,7.37534,28.1585,2.33604,2.68841
-0.966885,4.76603,21.9951,-11.0799,4.05454,-2.75222,-2.77252,29.3003,5.49499,-1.63691
-0.513415,7.74325,21.6164,5.95357,14.172,1.8003,1.41428,28.6643,-4.52928,-4.78159
8.88301,14.7503,25.3282,-1.73753,0.847961,1.63878,6.07291,27.6003,1.50767,9.72006
23.6867,5.55824,-15.0219,-7.32408,-0.272851,13.9559,23.8972,17.9127,-4.51521,9.04251
23.1065,-5.83047,15.984,-2.48725,-3.62507,1.56658,28.4435,-9.09951,10.5801,8.51752
2.82121,0.322464,20.6043,1.96395,-0.234024,1.25577,29.657,23.3802,4.71351,16.5238
22.5183,5.3224,18.652,-0.757728,0.635247,3.58574,32.403,-4.02056,-10.9857,14.8289
19.9356,-11.258,2.07029,-2.04535,3.01798,13.2388,18.1426,-16.341,9.76627,30.4728
11.1739,-8.64628,2.4346,8.71638,10.3243,11.6596,-11.8267,-6.26561,-33.1937,16.4704
21.9757,-0.992529,8.52936,19.4059,-0.00638493,-9.49251,-15.2795,23.3482,-4.38089,4.20866
7.19209,3.80028,10.0784,10.7735,-6.95257,17.5265,-5.85553,5.6202,30.1514,17.5622
3.69602,0.823535,15.8519,7.55594,1.88041,21.2249,16.0291,12.4824,23.7998,-17.6152
0.50643,24.7809,12.0216,-3.94333,6.94387,30.4612,5.99117,-11.5757,14.3113,-9.79369
2.50132,25.2874,-7.59282,-3.50288,-12.6808,31.3444,1.09652,4.31707,15.949,1.91715
8.89469,19.7632,2.73462,12.9534,16.453,26.8999,2.17713,-7.43946,17.3409,17.8208
17.1224,-5.12735,8.75243,21.9208,2.88896,-21.8857,1.9444,-9.96516,-7.39919,29.5337
16.7268,-16.3061,4.39246,20.8197,-21.2815,16.1254,7.59032,-8.27141,-12.3938,1.40656
20.4359,3.47166,4.67316,24.2117,16.9773,7.93689,-17.1257,-12.5791,0.542305,-1.97849
12.002,28.2801,11.7279,9.02105,-16.752,-2.13326,-4.17344,-11.6958,-2.1242,-8.1017
-4.15461,33.28,-0.97449,-0.917096,-13.0588,0.896015,-0.409966,-7.44865,4.85379,-3.56376
-4.26719,31.1475,0.0184759,-10.8695,-6.46956,-2.3864,3.3134,-2.08984,8.98427,0.0988891
0.342956,31.925,0.642083,4.4231,-2.81325,-2.03797,4.22692,5.56988,10.5757,-0.145322
-2.04368,32.0895,1.95125,-5.01092,0.500001,0.886407,6.61637,12.7034,5.33021,-4.55976
-7.95301,27.9892,6.09741,-9.8616,3.65493,7.10751,12.4934,9.43439,-7.14729,2.10183
12.9737,20.4751,-16.9528,6.22251,-0.289162,11.9566,11.989,-10.6178,-2.9374,4.22051
16.8295,-10.787,-11.0892,-5.46718,23.0831,3.18662,-6.81517,-9.82246,-2.99175,5.18355
17.1098,-0.2144,14.5596,11.636,18.3896,-7.65437,-8.99779,0.708844,-4.10199,-1.39639
15.0596,26.8422,4.82528,-0.469846,-7.74593,-9.52814,-4.33751,0.234065,-0.583119,-1.32784
17.563,14.3836,-9.84283,21.4338,2.81665,-2.53551,-3.67237,0.339125,2.63885,3.48562
14.8767,-9.63104,-4.89965,21.2551,2.62575,-11.7857,2.78806,3.90999,6.85654,13.5331
